reflection_magnitude_L,reflection_phase,reflection_phase_sin,reflection_phase_cos,optimal_length_l1,optimal_length_l2
0.639427,-2.984445,-0.156501,-0.987678,2.602545,3.896897
0.736471,1.110236,0.895803,0.444450,3.418119,3.933062
0.892180,-2.595340,-0.519489,-0.854477,3.139723,4.402507
0.218638,0.033648,0.033642,0.999434,2.731243,2.306197
0.026536,-1.892259,-0.948774,-0.315955,2.000211,2.192409
0.220441,0.560873,0.531926,0.846791,2.386612,2.474073
0.809430,-3.100760,-0.040822,-0.999166,2.802112,4.482792
0.340251,-2.164686,-0.828770,-0.559589,2.387666,2.717361
0.957213,-1.026707,-0.855599,0.517639,4.947768,2.450626
0.847494,0.651730,0.606563,0.795036,3.982877,3.625170
0.807128,1.443447,0.991902,0.127005,2.509506,3.503249
0.378534,0.326981,0.321185,0.947016,2.926284,2.556609
0.829405,0.744682,0.677738,0.735304,3.976278,3.831370
0.704572,-2.853670,-0.283961,-0.958836,2.553241,3.882426
0.227898,-1.323314,-0.969532,0.244963,2.846175,2.253353
0.101001,-1.395033,-0.984593,0.174860,2.438384,2.141556
0.635684,-0.849284,-0.750808,0.660521,3.888725,1.991637
0.266978,2.743582,0.387586,-0.921834,2.341221,2.752815
0.648035,0.685690,0.633207,0.773982,3.634849,3.499098
0.163402,-0.757404,-0.687037,0.726622,2.887796,2.131838
0.989523,0.879644,0.770512,0.637425,3.661421,3.748069
0.842852,1.734159,0.986686,-0.162637,2.737181,4.076999
0.229048,-2.939901,-0.200327,-0.979729,2.231054,2.775452
0.210983,2.782884,0.351066,-0.936351,2.361903,2.650358
0.876368,-1.164413,-0.918557,0.395290,4.442901,2.334264
0.914548,-0.258541,-0.255671,0.966764,4.617862,2.260770
0.264880,-1.591986,-0.999776,-0.021188,2.591095,2.246960
0.584586,2.499595,0.598797,-0.800901,2.324718,3.462293
0.399401,-1.763560,-0.981479,-0.191572,3.243647,2.987138
0.090909,-2.845552,-0.291736,-0.956499,2.182476,2.523282
0.109649,0.800767,0.717890,0.696156,2.374410,2.674148
0.063528,-0.743808,-0.677095,0.735896,2.078072,1.570888
0.996121,0.182931,0.181912,0.983315,5.154995,3.476946
0.011481,1.386836,0.983127,0.182924,2.039032,2.176310
0.681710,0.232291,0.230208,0.973141,3.847993,2.831378
0.111552,-0.409882,-0.398501,0.917168,2.732659,2.199724
0.453724,2.851410,0.286128,-0.958192,2.463378,3.366198
0.500586,-2.019090,-0.901188,-0.433428,2.948510,3.045992
0.912628,2.328037,0.726734,-0.686919,2.484747,4.380327
0.608970,-2.181275,-0.819374,-0.573260,3.434401,3.797744
0.762511,0.247426,0.244909,0.969546,4.126114,3.001266
0.000572,-1.104860,-0.893401,0.449259,1.847609,1.565395
0.019477,2.696106,0.430897,-0.902401,2.396550,2.173019
0.307514,-2.777638,-0.355973,-0.934496,2.139351,2.822436
0.878010,2.808266,0.327188,-0.944959,2.772287,4.700381
0.069213,1.637412,0.997782,-0.066566,2.292127,2.351992
0.765834,-2.334885,-0.722013,-0.691880,3.008794,3.697073
0.265057,2.340066,0.718419,-0.695611,2.277998,2.581960
0.423138,-1.810825,-0.971331,-0.237731,2.693083,2.490559
0.201151,-1.183021,-0.925753,0.378129,2.579183,1.913714
0.995149,0.941712,0.808566,0.588405,3.658467,3.888348
0.121004,-1.729778,-0.987389,-0.158312,2.471426,2.453807
0.338086,0.554860,0.526824,0.849974,2.887162,2.846505
0.070993,0.823744,0.733695,0.679479,2.385390,2.705983
0.228942,2.547329,0.559899,-0.828561,2.262920,2.515994
0.238005,1.061719,0.873194,0.487372,2.430675,2.775935
0.214237,-2.310253,-0.738835,-0.673886,2.685228,3.115331
0.472671,1.788317,0.976436,-0.215809,2.389294,3.102147
0.807497,-1.945212,-0.930722,-0.365729,3.912045,3.718325
0.423579,-0.207190,-0.205711,0.978613,3.465092,2.331694
0.729076,1.089282,0.886294,0.463122,3.373213,3.856115
0.402621,-1.009692,-0.846668,0.532122,3.258668,2.016145
0.861673,-1.579239,-0.999964,-0.008442,4.287512,3.102399
0.421882,-1.391442,-0.983959,0.178394,3.421061,2.558979
0.249806,2.659456,0.463673,-0.886006,1.832601,2.171982
0.550325,-2.823737,-0.312531,-0.949908,2.780578,3.845392
0.999282,2.111324,0.857437,-0.514588,3.179637,5.150189
0.848696,-2.096629,-0.864906,-0.501933,3.558908,3.729713
0.485641,-1.798579,-0.974170,-0.225818,3.106550,2.828503
0.378973,3.049285,0.092176,-0.995743,2.385046,3.162158
0.265203,1.784868,0.977174,-0.212441,2.112050,2.447859
0.957318,3.112833,0.028756,-0.999586,2.812700,4.840655
0.555768,1.372300,0.980364,0.197196,2.905493,3.573468
0.968709,0.497504,0.477234,0.878776,4.511075,3.664178
0.542195,1.558076,0.999919,0.012720,2.937024,3.690456
0.502850,2.216204,0.798854,-0.601525,2.478984,3.340200
0.157433,2.895159,0.243947,-0.969789,2.306268,2.515052
0.595035,1.100893,0.891612,0.452800,3.117790,3.577345
0.235204,-2.388323,-0.684028,-0.729456,2.565916,3.050252
0.594519,0.750096,0.681709,0.731623,3.212995,3.216103
0.419225,0.525728,0.501843,0.864959,2.581538,2.418443
0.204259,1.358373,0.977523,0.210829,2.292915,2.626279
0.238686,-0.654797,-0.608998,0.793172,2.734446,1.795245
0.316177,1.582511,0.999931,-0.011715,2.271787,2.713984
0.072543,-0.262100,-0.259109,0.965848,3.013033,2.664398
0.073261,-1.802305,-0.973321,-0.229446,2.253679,2.345477
0.265200,2.722249,0.407161,-0.913356,2.550569,2.950089
0.369527,-2.150440,-0.836658,-0.547726,2.456680,2.769665
0.833745,1.278879,0.957694,0.287789,2.778395,3.585306
0.653976,-3.092439,-0.049134,-0.998792,2.180769,3.541827
0.817104,-1.260540,-0.952255,0.305302,4.079444,2.262733
0.134291,-2.416333,-0.663330,-0.748327,1.867007,2.300804
0.107036,0.334414,0.328216,0.944603,2.328833,2.382716
0.717612,-1.862353,-0.957798,-0.287444,3.903709,3.567343
0.634238,-1.482933,-0.996142,0.087750,3.255803,2.193232
0.846104,-2.561664,-0.547964,-0.836502,3.194898,4.352983
0.423576,-1.403160,-0.985982,0.166853,3.568356,2.720086
0.637113,-1.495679,-0.997180,0.075047,3.717908,2.675672
0.741231,0.324718,0.319041,0.947741,3.942931,3.010426
0.075244,2.407128,0.670190,-0.742190,2.150588,1.990276
0.903929,0.286452,0.282551,0.959252,4.554225,3.280618
0.148094,-2.340829,-0.717888,-0.696159,2.086063,2.503560
0.308258,2.506875,0.592950,-0.805239,2.370021,2.812954
0.898925,-1.821643,-0.968703,-0.248224,3.648807,3.066602
0.249530,-2.495721,-0.601895,-0.798576,2.514591,3.059248
0.406377,0.758139,0.687571,0.726117,2.497181,2.618177
0.154553,2.701022,0.426456,-0.904508,2.556212,2.672042
0.810772,2.396509,0.678034,-0.735031,2.076637,3.748876
0.024786,1.486378,0.996439,0.084318,1.888636,1.977637
0.802235,2.287482,0.753987,-0.656889,2.949250,4.556032
0.810749,-1.465203,-0.994430,0.105397,4.196270,2.814729
0.872167,2.253108,0.776117,-0.630589,2.477291,4.237323
0.222434,1.989172,0.913750,-0.406277,2.078435,2.292895
0.795345,-1.711568,-0.990108,-0.140307,3.970153,3.199272
0.023664,-1.928122,-0.936835,-0.349770,1.950049,2.165768
0.966889,-1.387799,-0.983303,0.181978,5.012351,3.186550
0.641482,-0.630339,-0.589419,0.807828,4.289879,2.338998
0.939237,-2.416879,-0.662921,-0.748689,3.410396,4.362839
0.970401,-2.019618,-0.900959,-0.433904,4.128500,4.062371
0.108403,-0.411148,-0.399662,0.916663,2.385894,1.860118
0.728545,-1.170700,-0.921023,0.389507,3.945196,2.158740
0.385195,0.481217,0.462858,0.886432,2.852256,2.672023
0.254723,1.311837,0.966657,0.256075,2.920553,3.301570
0.538452,1.378719,0.981610,0.190898,2.785322,3.440605
0.741950,1.072091,0.878202,0.478289,3.262312,3.723331
0.664238,-1.066885,-0.875700,0.482855,4.066613,2.282751
0.313916,2.186644,0.816284,-0.577651,2.246055,2.655529
0.309285,-0.575584,-0.544325,0.838874,2.857232,1.757059
0.402400,-1.283936,-0.959137,0.282942,3.346775,2.377372
0.940364,1.114122,0.897524,0.440966,3.747554,4.335393
0.902806,0.725802,0.663735,0.747968,3.886212,3.654577
0.000406,-1.338861,-0.973223,0.229862,2.352263,2.194919
0.429888,0.502559,0.481670,0.876353,2.970551,2.764779
0.442160,-1.798867,-0.974104,-0.226099,2.876290,2.637408
0.473186,2.520693,0.581767,-0.813356,2.367786,3.230179
0.084796,0.097088,0.096935,0.995291,2.208504,2.110315
0.632941,-1.035543,-0.860139,0.510059,4.073700,2.326452
0.672796,-1.730134,-0.987333,-0.158664,3.311922,2.715770
0.199130,-2.988123,-0.152868,-0.988247,2.270882,2.747273
0.849738,-2.683999,-0.441790,-0.897118,3.287712,4.640443
0.414441,0.815340,0.727959,0.685621,3.023352,3.198385
0.494377,-1.608593,-0.999286,-0.037788,3.596031,2.970061
0.656058,-3.106754,-0.034832,-0.999393,2.577837,3.947098
0.106587,-0.470320,-0.453172,0.891423,2.060051,1.510120
0.175887,2.877486,0.261047,-0.965326,2.130401,2.374839
0.249198,2.188662,0.815117,-0.579297,2.234741,2.491737
0.456462,1.893856,0.948268,-0.317470,2.134781,2.834353
0.595452,2.827682,0.308780,-0.951133,1.876535,3.117705
0.891426,0.707815,0.650176,0.759784,3.917677,3.652577
0.830569,0.300788,0.296273,0.955103,3.969849,2.846548
0.897208,1.530932,0.999206,0.039853,2.919498,4.127378
0.247240,0.864952,0.761064,0.648676,2.595127,2.867343
0.765814,0.133831,0.133432,0.991058,4.047889,2.689685
0.077483,-1.346310,-0.974909,0.222606,2.186299,1.892409
0.271715,-1.132798,-0.905603,0.424127,2.757767,1.902404
0.231261,1.218623,0.938625,0.344939,2.407911,2.770924
0.706419,-2.738031,-0.392696,-0.919668,2.628639,3.857382
0.415774,-1.842014,-0.963445,-0.267905,3.135122,2.988908
0.420144,2.543675,0.562922,-0.826510,2.025373,2.760033
0.856732,1.668780,0.995203,-0.097827,2.751201,4.052727
0.380381,-3.104546,-0.037038,-0.999314,2.166706,2.971143
0.853448,2.848987,0.288448,-0.957495,2.845196,4.712572
0.419021,1.555187,0.999878,0.015609,2.273240,2.856989
0.220539,-1.762926,-0.981600,-0.190950,2.511648,2.428215
0.435836,-2.959224,-0.181359,-0.983417,2.304890,3.219154
0.404317,-2.104586,-0.860885,-0.508799,3.106597,3.357915
0.467390,-2.339684,-0.718685,-0.695336,2.776510,3.338536
0.394020,0.404587,0.393639,0.919265,3.027166,2.736971
0.027102,0.896922,0.781410,0.624018,2.304152,2.639615
0.050285,-0.759613,-0.688641,0.725103,2.426517,1.951933
0.211660,-1.087960,-0.885682,0.464293,2.719271,1.962599
0.752010,2.085542,0.870418,-0.492313,2.364565,3.758461
0.252272,-2.626961,-0.492215,-0.870474,2.657376,3.244608
0.999908,-0.942727,-0.809163,0.587584,5.064875,2.365523
0.650144,1.767039,0.980806,-0.194986,2.454635,3.479711
0.949612,-1.888973,-0.949808,-0.312835,3.794368,3.363484
0.020380,-2.184146,-0.817724,-0.575610,2.354264,2.685050
0.563970,-1.772081,-0.979811,-0.199928,3.578004,3.178294
0.699465,1.676970,0.994369,-0.105975,2.901159,3.956795
0.747926,-2.421961,-0.659107,-0.752049,3.412991,4.251020
0.819301,2.919927,0.219855,-0.975533,2.605740,4.386221
0.311957,1.114306,0.897605,0.440801,2.624391,3.004604
0.958173,-0.649339,-0.604660,0.796483,4.965482,2.214589
0.690614,0.799488,0.716999,0.697074,3.385951,3.418090
0.101901,1.712048,0.990041,-0.140782,2.360259,2.434060
0.121055,3.040084,0.101335,-0.994852,1.946995,2.146507
0.782635,-0.960047,-0.819219,0.573481,4.207734,2.038724
0.505961,-0.997574,-0.840158,0.542342,3.659011,2.168685
0.849576,2.025265,0.898494,-0.438985,3.082025,4.657798
0.635585,2.065329,0.880191,-0.474620,2.832933,3.957203
0.707309,-0.405346,-0.394337,0.918966,4.160143,2.151006
0.270082,1.936473,0.933882,-0.357581,1.752632,2.074801
0.538173,-0.103688,-0.103503,0.994629,3.330023,2.055884
0.268396,2.209879,0.802643,-0.596459,2.384833,2.687491
0.830731,-2.597074,-0.518007,-0.855377,3.224446,4.424390
0.464708,0.693235,0.639028,0.769183,2.974377,2.983558
0.378989,-2.961265,-0.179352,-0.983785,2.498172,3.309493
0.212120,1.871336,0.955177,-0.296036,2.156279,2.373869
0.340339,2.389621,0.683080,-0.730343,2.220877,2.719114
0.010151,2.815260,0.320571,-0.947224,1.944399,1.756590
0.085613,1.382770,0.982375,0.186920,1.854828,2.067506
0.690609,0.916735,0.793619,0.608415,3.391467,3.614404
0.490821,1.840551,0.963836,-0.266495,2.614399,3.371582
0.691787,-1.217643,-0.938287,0.345858,4.098257,2.459919
0.581556,-0.168009,-0.167220,0.985920,3.570890,2.115266
0.745935,-1.063170,-0.873901,0.486105,4.199744,2.228290
0.702855,-1.439375,-0.991377,0.131044,3.913523,2.653652
0.192584,-2.390408,-0.682505,-0.730881,2.487725,2.948478
0.535864,1.647386,0.997068,-0.076515,2.678821,3.459531
0.484199,1.411109,0.987277,0.159009,2.828207,3.445667
0.976607,0.154798,0.154181,0.988043,4.696937,2.988025
0.194118,-1.712274,-0.990009,-0.141006,2.640086,2.526235
0.179442,-3.052696,-0.088780,-0.996051,2.073191,2.488128
0.974295,0.335264,0.329019,0.944323,4.510883,3.245055
0.697417,-2.348155,-0.712769,-0.701399,3.320131,4.001403
0.872720,0.465359,0.448744,0.893660,3.992548,3.183723
0.469397,-0.374046,-0.365384,0.930857,3.527628,2.131852
0.941064,-0.139932,-0.139475,0.990226,4.879685,2.642333
0.822116,-0.623874,-0.584183,0.811622,4.839924,2.434437
0.053609,-2.204157,-0.806043,-0.591857,2.323565,2.663643
0.562840,-1.232538,-0.943334,0.331845,3.758119,2.403438
0.764443,0.668014,0.619428,0.785054,3.732421,3.475473
0.790741,-1.723559,-0.988355,-0.152169,3.677026,2.940843
0.442721,2.262994,0.769845,-0.638231,2.307013,3.033605
0.990031,-1.222832,-0.940069,0.340985,4.629814,2.393523
0.740089,2.812292,0.323381,-0.946269,2.293758,3.885296
0.207788,-1.815682,-0.970165,-0.242446,2.486347,2.474564
0.173814,-2.669946,-0.454354,-0.890821,2.193052,2.690970
0.002676,-0.310994,-0.306005,0.952030,1.963081,1.752657
0.231476,1.300342,0.963650,0.267169,2.317010,2.679646
0.702988,-0.288830,-0.284831,0.958578,3.995230,2.108659
0.787828,0.785763,0.707364,0.706849,3.233091,3.193847
0.661183,2.724819,0.404812,-0.914400,2.200119,3.585354
0.647635,2.566125,0.544227,-0.838938,2.535514,3.850341
0.826631,-2.692911,-0.433778,-0.901020,3.106315,4.442004
0.748958,0.434841,0.421266,0.906937,4.058557,3.341274
0.288611,-2.360256,-0.704229,-0.709973,2.409764,2.905507
0.942676,0.002967,0.002967,0.999996,4.435665,2.462045
0.493795,-2.636162,-0.484185,-0.874966,2.894246,3.763387
0.322322,-1.568485,-0.999997,0.002312,2.945830,2.491398
0.091327,2.902273,0.237042,-0.971499,2.292811,2.348239
0.950786,3.138906,0.002687,-0.999996,2.528087,4.526427
0.672282,-1.448205,-0.992495,0.122285,4.171526,2.979798
0.470501,0.951962,0.814555,0.580086,3.029930,3.324082
0.916073,-2.001263,-0.908771,-0.417295,3.628252,3.530981
0.491726,-2.568300,-0.542401,-0.840119,2.561198,3.374305
0.347961,-1.047354,-0.866104,0.499864,2.903032,1.812800
0.329804,1.216888,0.938025,0.346567,2.217024,2.637668
0.288218,2.797234,0.337594,-0.941292,2.354621,2.838123
0.454826,-1.165423,-0.918955,0.394362,3.132325,1.916826
0.323274,2.954258,0.186241,-0.982504,2.081999,2.705198
0.988119,0.990609,0.836360,0.548180,3.962461,4.302886
0.542594,-0.545082,-0.518488,0.855085,3.809696,2.131167
0.756443,0.787966,0.708920,0.705288,3.792489,3.772873
0.759991,-1.862599,-0.957727,-0.287679,3.251444,2.884427
0.438116,1.245642,0.947601,0.319455,2.576560,3.075772
0.121426,2.972869,0.167924,-0.985800,2.052162,2.216204
0.158378,0.319431,0.314026,0.949414,2.402079,2.364637
0.552251,-2.555942,-0.552742,-0.833353,3.260341,4.121890
0.461448,-2.403531,-0.672855,-0.739774,2.743875,3.374496
0.832143,-0.010207,-0.010207,0.999948,4.383736,2.617291
0.273425,2.103133,0.861624,-0.507548,2.022930,2.338065
0.980245,-1.610186,-0.999224,-0.039380,4.264582,3.001912
0.921868,0.051779,0.051756,0.998660,4.581139,2.750788
0.879326,2.287249,0.754140,-0.656713,2.507378,4.301767
0.414942,2.728463,0.401478,-0.915869,2.676482,3.450387
0.507738,2.014072,0.903352,-0.428901,2.402585,3.230818
0.586938,3.134696,0.006897,-0.999976,2.681139,3.914519
0.489640,-2.207940,-0.803798,-0.594902,2.738943,3.134374
0.551917,0.272879,0.269505,0.962999,3.473423,2.747197
0.455345,-1.119806,-0.900016,0.435857,3.514212,2.249096
0.571798,-1.674077,-0.994671,-0.103097,3.737789,3.137117
0.775544,-2.867349,-0.270819,-0.962630,2.809417,4.265642
0.811409,-0.715788,-0.656212,0.754576,4.207511,1.829691
0.663689,2.015316,0.902817,-0.430025,2.786160,3.952608
0.037020,0.014396,0.014395,0.999896,2.173750,2.106838
0.590180,2.322896,0.730256,-0.683173,2.566938,3.667801
0.525951,-0.270629,-0.267337,0.963603,3.490194,2.048723
0.722444,-0.565621,-0.535940,0.844256,4.207241,2.067602
0.469491,2.948093,0.192294,-0.981337,2.274164,3.235993
0.338561,1.210799,0.935898,0.352272,2.354384,2.778312
0.852341,2.257814,0.773141,-0.634234,2.230983,3.945534
0.380009,-1.151952,-0.913560,0.406705,3.101083,2.030414
0.872383,-2.916032,-0.223653,-0.974669,2.522800,4.187834
0.068421,0.824109,0.733943,0.679211,2.870880,3.192544
0.746766,-0.414869,-0.403070,0.915169,3.989491,1.874701
0.098443,0.840362,0.744885,0.667193,2.448258,2.760876
0.694001,2.534788,0.570245,-0.821474,2.275627,3.698988
0.045991,1.860724,0.958264,-0.285883,2.081048,1.978593
0.145570,0.195824,0.194575,0.980888,2.680885,2.554284
0.565928,1.837954,0.964525,-0.263991,2.592451,3.492145
0.870840,0.752162,0.683219,0.730213,3.949819,3.796623
0.240830,2.593881,0.520735,-0.853718,2.363089,2.659230
0.253977,-1.537328,-0.999440,0.033462,2.913887,2.517260
0.009397,1.914066,0.941659,-0.336568,2.363966,2.161144
0.157976,-0.366123,-0.357998,0.933722,2.387147,1.764220
0.345566,0.550229,0.522883,0.852405,2.745745,2.692127
0.250098,2.169609,0.826006,-0.563662,2.075945,2.335287
0.199217,-0.724494,-0.662756,0.748835,2.544015,1.698483
0.571923,0.470057,0.452937,0.891542,3.471196,3.045752
0.992692,-1.286603,-0.959888,0.280383,5.101245,2.994326
0.274480,0.414244,0.402498,0.915421,2.724327,2.609258
0.685799,1.537300,0.999439,0.033490,3.117743,4.052522
0.496727,2.539383,0.566465,-0.824086,2.429474,3.356259
0.286194,1.877794,0.953245,-0.302198,2.165971,2.527884
0.636618,0.759582,0.688618,0.725124,3.269958,3.263816
0.677764,1.388134,0.983364,0.181648,2.732265,3.531846
0.628248,2.534660,0.570350,-0.821401,2.069380,3.326782
0.646341,-1.200510,-0.932224,0.361882,3.640905,2.070021
0.732360,-2.575268,-0.536534,-0.843879,3.108198,4.172874
0.295110,1.554968,0.999875,0.015828,2.465157,2.879529
0.539408,2.962456,0.178180,-0.983998,2.519200,3.645656
0.530852,2.598015,0.517201,-0.855864,2.438142,3.466774
0.824690,-0.114053,-0.113806,0.993503,4.327601,2.396461
0.806488,1.549178,0.999766,0.021617,2.910295,4.017633
0.962893,-2.257190,-0.773536,-0.633752,3.753859,4.335748
0.966500,2.262830,0.769950,-0.638104,2.528192,4.521225
0.967270,1.913781,0.941755,-0.336299,2.234017,3.970736
0.365775,1.826409,0.967509,-0.252838,2.654733,3.173156
0.454786,1.085913,0.884729,0.466105,2.859547,3.266364
0.672341,0.531307,0.506660,0.862146,3.865889,3.431291
0.108346,-1.672446,-0.994838,-0.101475,1.905668,1.848521
0.025025,2.414219,0.664910,-0.746923,1.680249,1.395150
0.221367,-2.744388,-0.386842,-0.922146,2.157412,2.715910
0.823855,2.572258,0.539071,-0.842260,2.432980,4.194108
0.139777,2.803944,0.331270,-0.943536,2.377389,2.500377
0.304365,-0.046341,-0.046324,0.998926,3.321207,2.630596
0.135664,-0.291265,-0.287164,0.957881,2.752725,2.232740
0.670486,1.527694,0.999071,0.043089,3.041179,3.948453
0.742269,-2.170697,-0.825392,-0.564560,3.314942,3.663419
0.414885,-2.519421,-0.582801,-0.812615,2.426716,3.127714
0.951522,-2.936030,-0.204118,-0.978946,2.937441,4.761529
0.370530,-0.355735,-0.348279,0.937391,3.596713,2.458118
0.099355,1.166664,0.919444,0.393222,2.124686,2.423615
0.544466,3.002373,0.138770,-0.990325,2.300242,3.442136
0.189809,-2.374041,-0.694376,-0.719613,2.545178,2.997273
0.848033,-0.284519,-0.280696,0.959797,4.448547,2.217431
0.597146,-3.007400,-0.133790,-0.991010,2.322757,3.546452
0.786795,-1.611204,-0.999184,-0.040397,4.184194,3.178582
0.068610,1.666033,0.995468,-0.095093,2.358001,2.401058
0.207157,-1.784730,-0.977203,-0.212306,2.686098,2.640275
0.147554,2.516611,0.585083,-0.810974,2.035261,2.075276
0.002836,2.251932,0.776858,-0.629676,2.169642,1.834058
0.250654,-2.045195,-0.889568,-0.456804,2.661937,2.874674
0.661058,-2.979611,-0.161274,-0.986910,3.015841,4.348048
0.237932,-1.107277,-0.894484,0.447099,2.811647,2.010348
0.174246,-2.812360,-0.323317,-0.946291,2.257886,2.739445
0.745665,-0.149251,-0.148698,0.988883,4.000486,2.193836
0.778017,0.083177,0.083081,0.996543,4.422886,2.943147
0.945416,-2.869122,-0.269112,-0.963109,3.133847,4.871215
0.783227,2.305809,0.741822,-0.670597,2.282114,3.850292
0.964026,-2.759415,-0.372942,-0.927855,3.068279,4.685569
0.478982,-0.618157,-0.579534,0.814948,3.447114,1.908165
0.909701,-2.679837,-0.445521,-0.895272,2.896124,4.318222
0.080790,0.680453,0.629145,0.777288,2.426021,2.707626
0.633077,0.303832,0.299179,0.954197,3.777136,2.973566
0.325185,3.107838,0.033748,-0.999430,2.093459,2.767713
0.605427,-2.518436,-0.583601,-0.812040,2.846549,3.716051
0.701779,2.216662,0.798579,-0.601890,2.282681,3.617846
0.720840,-1.790563,-0.975948,-0.218002,3.396879,2.890910
0.451555,-1.705925,-0.990884,-0.134718,3.017169,2.611946
0.415990,-2.544151,-0.562529,-0.826777,2.826399,3.546605
0.426764,1.037403,0.861087,0.508458,2.732353,3.097622
0.922985,-2.719782,-0.409413,-0.912349,3.181392,4.682204
0.831772,-2.555811,-0.552851,-0.833280,3.432422,4.566621
0.811769,0.354188,0.346829,0.937929,4.319166,3.342138
0.586465,0.386959,0.377374,0.926061,3.490199,2.904157
0.353598,1.038865,0.861829,0.507199,2.787873,3.143870
0.750284,2.312791,0.737122,-0.675760,2.393683,3.883997
0.600410,-0.932135,-0.802894,0.596122,3.321088,1.559534
0.577919,-1.804915,-0.972719,-0.231986,3.281330,2.933822
0.108218,2.170045,0.825760,-0.564022,2.038055,1.965318
0.367561,1.650000,0.996865,-0.079121,2.115723,2.634556
0.845155,2.981664,0.159248,-0.987239,2.437652,4.268203
0.818427,0.713602,0.654561,0.756009,3.776685,3.573727
0.929084,2.070063,0.877934,-0.478782,2.650012,4.431860
0.267448,-2.008005,-0.905937,-0.423412,2.565861,2.732969
0.339825,-3.103229,-0.038354,-0.999264,2.174629,2.896317
0.869863,0.416708,0.404752,0.914426,4.116684,3.198282
0.633172,-2.948968,-0.191435,-0.981505,2.708182,3.975082
0.746112,-1.789873,-0.976099,-0.217328,3.577297,3.046718
0.370053,1.392329,0.984117,0.177522,2.654201,3.148384
0.776836,0.424703,0.412050,0.911161,4.038045,3.262562
0.157410,0.740399,0.674583,0.738199,2.458276,2.711500
0.673969,-1.431920,-0.990372,0.138430,3.717388,2.491022
0.442044,-1.425235,-0.989425,0.145048,3.041031,2.193607
0.754943,-2.426456,-0.655720,-0.755004,3.014155,3.864629
0.678486,-0.083989,-0.083890,0.996475,4.110149,2.552149
0.667133,-2.856227,-0.281508,-0.959559,2.502075,3.772558
0.007687,-1.247719,-0.948263,0.317486,2.294825,2.068752
0.211234,-2.279321,-0.759323,-0.650714,2.431116,2.841086
0.007730,1.552036,0.999824,0.018760,2.295441,2.319086
0.175695,-0.752679,-0.683596,0.729860,2.555194,1.768509
0.833354,1.923913,0.938300,-0.345823,2.471468,3.944244
0.072075,2.273033,0.763400,-0.645926,2.178148,2.007776
0.921162,2.275204,0.761995,-0.647583,2.605064,4.495046
0.575759,0.461184,0.445009,0.895526,3.414636,2.969527
0.115173,-3.010547,-0.130671,-0.991426,1.980835,2.290240
0.324768,1.893263,0.948457,-0.316907,2.052321,2.489295
0.919770,-2.587856,-0.525869,-0.850566,2.958619,4.237451
0.844484,-1.612790,-0.999118,-0.041981,3.914239,2.836815
0.395767,-1.192080,-0.929140,0.369728,3.068076,2.005509
0.339513,-1.048861,-0.866856,0.498559,3.201391,2.131372
0.114027,0.062531,0.062490,0.998046,2.632578,2.447223
0.905923,-0.946403,-0.811318,0.584605,4.700950,2.227777
0.815037,-1.657072,-0.996281,-0.086168,3.636650,2.707420
0.146444,-1.902097,-0.945620,-0.325274,2.119258,2.240727
0.655509,-2.028551,-0.897047,-0.441935,3.141673,3.204301
0.772848,-0.036964,-0.036955,0.999317,4.293320,2.605612
0.448905,2.665040,0.458719,-0.888581,1.968024,2.808654
0.564492,0.850104,0.751349,0.659905,2.884459,3.043043
0.627217,-2.193099,-0.812538,-0.582908,2.874624,3.260456
0.068286,-0.363117,-0.355190,0.934794,2.248670,1.848242
0.056172,0.046099,0.046083,0.998938,2.414521,2.332532
0.310408,-0.302134,-0.297558,0.954704,3.390423,2.439927
0.076731,2.288650,0.753219,-0.657770,2.279540,2.119632
0.855293,0.722619,0.661351,0.750076,3.640575,3.432505
0.554316,1.833545,0.965680,-0.259736,2.533783,3.409966
0.895877,-0.315832,-0.310608,0.950538,4.868684,2.484153
0.321527,-0.153127,-0.152530,0.988299,2.746892,1.905405
0.150861,-2.752829,-0.379045,-0.925378,2.615443,3.074086
0.343438,1.346584,0.974970,0.222338,2.819133,3.279298
0.504549,-2.057373,-0.883939,-0.467603,3.050624,3.211020
0.439422,0.142930,0.142444,0.989803,3.507199,2.780148
0.158746,-0.798895,-0.716585,0.697499,2.529515,1.787862
0.338367,0.615035,0.576987,0.816753,3.056376,3.079221
0.789227,0.925547,0.798950,0.601398,3.623795,3.846167
0.678379,-1.356245,-0.977072,0.212909,3.940451,2.563565
0.723734,0.983721,0.832564,0.553928,3.720738,4.045259
0.333362,0.519868,0.496765,0.867885,2.634309,2.560376
0.141428,-0.943604,-0.809678,0.586874,2.833317,2.166074
0.391958,0.597162,0.562298,0.826935,2.906429,2.859813
0.938002,-1.196432,-0.930740,0.365681,4.447017,2.266199
0.813185,1.068873,0.876659,0.481113,3.695070,4.166760
0.828959,1.500266,0.997514,0.070472,2.931837,4.016023
0.646025,-0.481252,-0.462889,0.886416,3.805254,1.896824
0.361828,-0.863324,-0.760007,0.649915,3.234473,2.009896
0.947668,-0.086262,-0.086155,0.996282,4.938958,2.781864
0.226543,-2.277244,-0.760673,-0.649136,2.821083,3.234294
0.101141,1.701956,0.991411,-0.130784,2.381723,2.459120
0.835120,2.410746,0.667500,-0.744610,2.703300,4.441661
0.766308,-2.318187,-0.733465,-0.679727,3.332270,3.988224
0.376720,-2.122163,-0.851809,-0.523852,2.953067,3.230598
0.809044,-2.101479,-0.862462,-0.506123,3.259781,3.448360
0.437673,-0.560092,-0.531264,0.847206,3.349001,1.929731
0.444199,-1.351338,-0.976015,0.217701,3.143969,2.185195
0.748537,-0.320895,-0.315416,0.948953,4.144442,2.112696
0.808624,-0.194681,-0.193453,0.981109,4.419283,2.401389
0.835113,-0.830380,-0.738188,0.674595,5.157336,2.762629
0.461680,-1.371169,-0.980140,0.198304,3.123218,2.161384
0.381872,0.172535,0.171680,0.985153,3.495695,2.915845
0.801259,-2.272009,-0.764060,-0.645145,3.306576,3.880081
0.250003,0.887054,0.775214,0.631699,2.755456,3.037930
0.102590,2.173305,0.823916,-0.566711,1.969431,1.883012
0.851166,-1.350489,-0.975830,0.218530,4.380060,2.677345
0.905306,-2.215774,-0.799113,-0.601180,3.452183,3.918581
0.437473,2.804897,0.330370,-0.943852,2.371058,3.222232
0.349585,-2.974019,-0.166791,-0.985992,2.617148,3.374481
0.053257,0.012611,0.012611,0.999920,2.309125,2.207062
0.374913,-2.964485,-0.176183,-0.984357,3.089856,3.893781
0.930826,2.131107,0.847090,-0.531450,2.438969,4.266573
0.137600,-1.339076,-0.973273,0.229652,2.166991,1.756680
0.829762,1.231957,0.943141,0.332393,3.505103,4.240969
0.448601,-3.108598,-0.032988,-0.999456,2.676062,3.619974
0.079226,-1.533575,-0.999307,0.037213,2.431974,2.288913
0.727235,0.174494,0.173609,0.984815,3.808205,2.600641
0.111187,-1.331397,-0.971481,0.237119,2.377120,2.009282
0.419826,1.846623,0.962201,-0.272342,2.494200,3.116412
0.457114,-2.445052,-0.641568,-0.767066,2.971297,3.641544
0.016435,0.096609,0.096458,0.995337,1.985964,2.021036
0.241938,-2.239473,-0.784643,-0.619948,2.236912,2.626627
0.240564,-0.524221,-0.500539,0.865714,2.948711,2.039462
0.664371,-2.603664,-0.512358,-0.858772,2.979480,4.009066
0.526059,0.046041,0.046025,0.998940,3.542966,2.505491
0.988331,0.340247,0.333720,0.942672,4.394162,3.119617
0.635671,3.022460,0.118851,-0.992912,2.647162,3.995773
0.253650,-3.039540,-0.101876,-0.994797,2.343313,2.907972
0.732941,0.805862,0.721428,0.692489,3.357959,3.382073
0.771501,1.477723,0.995672,0.092939,2.956360,3.945988
0.546014,1.969834,0.921435,-0.388532,2.535523,3.434783
0.175089,1.753905,0.983282,-0.182087,1.936585,2.119233
0.631736,1.957198,0.926271,-0.376858,2.617331,3.692159
0.063101,1.735355,0.986491,-0.163817,1.987118,1.982850
0.043806,-1.888287,-0.950022,-0.312183,2.237429,2.415491
0.041906,2.722950,0.406521,-0.913642,1.492683,1.336946
0.543031,-1.549975,-0.999783,0.020819,3.381272,2.582881
0.753291,-1.940854,-0.932306,-0.361670,3.395970,3.220913
0.865798,-1.056048,-0.870417,0.492316,4.876544,2.626416
0.124475,-0.829260,-0.737432,0.675422,2.736497,2.082781
0.894637,-0.712232,-0.653525,0.756905,4.564281,1.977460
0.973724,-0.023856,-0.023854,0.999715,4.365320,2.271872
0.519276,1.892169,0.948803,-0.315869,2.499049,3.323476
0.727081,-2.645680,-0.475835,-0.879535,2.630851,3.782387
0.545474,-1.123362,-0.901560,0.432654,3.412323,1.955186
0.080069,1.011085,0.847409,0.530941,2.138101,2.458765
0.426116,1.192327,0.929231,0.369498,3.001367,3.465413
0.351547,-2.875467,-0.262995,-0.964797,2.557873,3.318312
0.998151,-1.416510,-0.988122,0.153674,4.555518,2.746293
0.980027,2.814266,0.321513,-0.946905,2.886618,5.063422
0.363311,1.891842,0.948906,-0.315559,2.509981,3.023781
0.679411,2.844960,0.292302,-0.956326,2.646925,4.093730
0.781312,-2.922944,-0.216910,-0.976192,3.009563,4.522212
0.067233,1.749964,0.983992,-0.178210,2.021036,2.016067
0.567245,0.660330,0.613378,0.789790,3.473150,3.358558
0.679062,2.820041,0.316039,-0.948746,2.214430,3.657936
0.573922,0.185102,0.184047,0.982918,3.879436,2.969300
0.398034,0.939718,0.807392,0.590016,2.818441,3.108643
0.735675,-0.006007,-0.006007,0.999982,4.266026,2.710745
0.386987,0.387501,0.377876,0.925856,3.039019,2.736228
0.446273,3.118754,0.022837,-0.999739,2.568004,3.503219
0.285577,2.616814,0.501021,-0.865435,2.132839,2.548642
0.852826,-0.301325,-0.296785,0.954944,4.630679,2.367697
0.898679,-0.344877,-0.338080,0.941117,5.044128,2.619950
0.845521,-1.133563,-0.905927,0.423434,4.658345,2.565605
0.347425,-2.733568,-0.396797,-0.917907,2.042643,2.774297
0.851362,1.330836,0.971347,0.237664,3.107594,4.002037
0.927324,0.865195,0.761222,0.648492,3.928003,3.998953
0.121362,-1.878796,-0.952942,-0.303153,2.113700,2.231271
0.138877,1.824468,0.967998,-0.250960,2.475577,2.566923
0.368911,1.907963,0.943696,-0.330815,2.417626,2.942777
0.551647,0.703392,0.646809,0.762652,3.412159,3.373494
0.999595,1.375199,0.980932,0.194353,3.460052,4.558278
0.525696,1.691211,0.992759,-0.120124,2.624892,3.404671
0.972380,0.894340,0.779796,0.626034,3.836436,3.961362
0.449974,1.131658,0.905118,0.425160,2.562222,3.000035
0.780263,0.878351,0.769687,0.638421,3.925090,4.063755
0.181963,2.929627,0.210382,-0.977619,1.784001,2.067195
0.055413,-2.361465,-0.703370,-0.710824,2.372543,2.750674
0.153015,-2.107022,-0.859643,-0.510895,2.232240,2.519684
0.346023,2.770282,0.362837,-0.931853,2.575399,3.191620
0.894926,2.173566,0.823769,-0.566926,2.616213,4.386848
0.550841,-2.355124,-0.707863,-0.706350,3.226546,3.847739
0.302825,0.210349,0.208801,0.977958,2.769026,2.378572
0.941607,-2.172762,-0.824224,-0.566263,3.729158,4.089049
0.658733,1.386277,0.983024,0.183474,2.607567,3.386582
0.563618,2.043520,0.890332,-0.455313,2.217854,3.175526
0.028373,-2.855948,-0.281776,-0.959480,1.953072,2.188300
0.651130,1.677353,0.994328,-0.106355,2.499774,3.477587
0.416587,0.873307,0.766457,0.642295,2.591501,2.821220
0.289672,2.869218,0.269020,-0.963135,2.263070,2.776682
0.482945,1.914412,0.941543,-0.336894,2.385930,3.142161
0.072973,-2.765148,-0.367616,-0.929978,2.013287,2.357556
0.439605,-0.098953,-0.098792,0.995108,3.440763,2.392491
0.312582,1.372014,0.980308,0.197475,2.772323,3.207204
0.734200,2.266831,0.767391,-0.641180,2.606015,4.038959
0.370540,0.387366,0.377751,0.925907,2.993571,2.713885
0.319116,-0.210659,-0.209104,0.977893,3.015460,2.123574
0.096812,-1.318137,-0.968251,0.249980,2.518016,2.166530
0.384150,0.724938,0.663089,0.748541,2.900454,3.000655
0.159700,-1.084253,-0.883954,0.467573,2.977171,2.333408
0.577687,-1.176747,-0.923362,0.383931,3.737534,2.276837
0.514725,-0.007793,-0.007793,0.999970,3.298221,2.206261
0.308540,-2.995972,-0.145107,-0.989416,2.585339,3.264236
0.966687,-1.789800,-0.976114,-0.217258,4.147627,3.416082
0.352895,-2.824038,-0.312244,-0.950002,2.008463,2.765867
0.654260,-0.184808,-0.183758,0.982972,4.018323,2.373017
0.536691,2.181348,0.819332,-0.573320,2.014058,2.947020
0.727508,1.657861,0.996212,-0.086955,2.982115,4.068977
0.365937,-0.624664,-0.584825,0.811160,3.076947,1.821913
0.553223,-2.679579,-0.445752,-0.895157,2.661722,3.635759
0.504256,1.661300,0.995907,-0.090380,2.465860,3.201628
0.680399,-2.395081,-0.679082,-0.734062,3.709996,4.460928
0.975083,-0.666623,-0.618335,0.785914,5.086295,2.292728
0.938949,1.601993,0.999513,-0.031192,2.871899,4.225468
0.199058,0.057318,0.057287,0.998358,2.585090,2.223755
0.137036,-1.049036,-0.866943,0.498407,2.494659,1.882442
0.473744,-0.270249,-0.266971,0.963704,3.298435,1.982518
0.327966,0.710428,0.652158,0.758083,2.628749,2.752149
0.162502,3.082630,0.058929,-0.998262,2.195469,2.508358
0.336373,2.062703,0.881434,-0.472307,2.137599,2.594902
0.532340,1.311551,0.966584,0.256351,2.695825,3.303067
0.368358,1.092058,0.887577,0.460660,3.061435,3.449025
0.979898,0.525916,0.502005,0.864864,4.458089,3.670979
0.688044,-2.974164,-0.166648,-0.986016,2.348866,3.728049
0.474590,2.934692,0.205428,-0.978672,2.449180,3.420323
0.577634,1.391098,0.983898,0.178733,2.465822,3.167778
0.583523,-2.070234,-0.877852,-0.478932,2.985091,3.149130
0.841167,-2.213090,-0.800724,-0.599034,3.302790,3.753757
0.680727,-2.943229,-0.197065,-0.980390,2.780440,4.129368
0.018937,-1.170605,-0.920986,0.389595,2.120698,1.829619
0.151431,1.196948,0.930929,0.365200,2.017692,2.336900
0.920521,2.342483,0.716736,-0.697345,2.768675,4.690518
0.735837,-2.750268,-0.381413,-0.924405,2.962529,4.244858
0.325050,1.019301,0.851742,0.523961,2.763063,3.105403
0.525477,-1.170227,-0.920839,0.389943,3.788407,2.429320
0.342327,-0.915542,-0.792893,0.609361,3.518325,2.362053
0.771990,1.388110,0.983359,0.181672,2.866254,3.759586
0.610077,-1.933561,-0.934919,-0.354861,3.086576,2.974924
0.246519,0.364969,0.356921,0.934135,2.800333,2.673312
0.297615,-1.325726,-0.970120,0.242624,3.455893,2.735282
0.207278,1.287979,0.960273,0.279062,2.304611,2.649384
0.933700,1.856087,0.959580,-0.281436,3.008392,4.625525
0.273458,-2.375835,-0.693083,-0.720857,2.412937,2.911287
0.980161,2.000425,0.909121,-0.416533,2.579038,4.418846
0.954609,1.913958,0.941696,-0.336466,2.760558,4.471802
0.714141,-0.965327,-0.822235,0.569148,4.354956,2.351756
0.442376,-1.530308,-0.999180,0.040478,3.062485,2.377752
0.538578,2.720770,0.408512,-0.912753,2.390827,3.470175
0.696171,-2.279081,-0.759479,-0.650532,3.004230,3.560909
0.242458,1.067098,0.875804,0.482668,2.313002,2.660435
0.531041,0.866731,0.762217,0.647321,3.312107,3.502279
0.717358,-2.509850,-0.590552,-0.807000,3.114305,4.070523
0.770766,-3.109037,-0.032550,-0.999470,2.198370,3.803770
0.406907,2.733387,0.396963,-0.917835,2.156557,2.911948
0.878400,-0.141695,-0.141221,0.989978,4.806134,2.708449
0.321168,0.916704,0.793600,0.608439,3.203026,3.487493
0.907937,-2.579494,-0.532963,-0.846139,2.988724,4.240246
0.723118,2.743675,0.387500,-0.921870,2.352615,3.894752
0.913230,-2.041628,-0.891191,-0.453628,3.929317,3.942858
0.919635,3.123823,0.017769,-0.999842,2.644420,4.585790
0.396995,-0.029004,-0.029000,0.999579,3.714747,2.845000
0.926040,2.367147,0.699320,-0.714809,2.363805,4.310603
0.009267,0.427017,0.414158,0.910205,2.590687,2.842225
0.284562,3.073103,0.068437,-0.997655,2.660478,3.236128
0.543300,-0.038249,-0.038240,0.999269,4.015027,2.819096
0.468021,-1.930123,-0.936134,-0.351644,2.898617,2.861276
0.112647,-2.120611,-0.852621,-0.522529,2.145963,2.446972
0.186199,1.486714,0.996467,0.083983,2.353737,2.639236
0.790768,0.425882,0.413124,0.910675,4.017270,3.225707
0.856147,2.494693,0.602715,-0.797956,2.389397,4.209808
0.826990,0.096011,0.095864,0.995394,4.623209,3.072314
0.184781,-2.258102,-0.772958,-0.634457,2.562193,2.951715
0.323602,-1.583067,-0.999925,-0.012270,2.878216,2.442135
0.753757,2.852785,0.284810,-0.958584,2.663687,4.290457
0.301946,1.400412,0.985520,0.169561,2.778895,3.204956
0.692769,-2.751254,-0.380502,-0.924780,2.846128,4.068789
0.118225,-1.213872,-0.936976,0.349394,2.222198,1.751208
0.895118,1.278987,0.957725,0.287686,3.475698,4.327976
0.310978,-2.403848,-0.672621,-0.739987,2.700783,3.239608
0.614625,-1.764767,-0.981247,-0.192757,3.385055,2.921909
0.133569,-2.179099,-0.820619,-0.571476,2.326246,2.661364
0.415846,0.309350,0.304439,0.952532,2.868535,2.416943
0.470828,0.235731,0.233553,0.972344,3.251904,2.603425
0.247465,1.600576,0.999557,-0.029775,2.225711,2.566649
0.873135,-2.627186,-0.492018,-0.870585,2.821152,4.115845
0.078103,0.403184,0.392349,0.919816,2.398232,2.542890
0.061758,0.299389,0.294936,0.955517,1.983600,2.082450
0.149852,-1.079969,-0.881943,0.471356,2.519481,1.895127
0.520342,-2.411235,-0.667136,-0.744936,2.923425,3.599317
0.090942,0.065190,0.065144,0.997876,2.617258,2.480485
0.808692,-0.292593,-0.288436,0.957499,4.260327,2.114368
0.057737,-0.236384,-0.234189,0.972191,2.250153,1.953974
0.806915,1.402910,0.985940,0.167099,2.789832,3.735802
0.745804,0.492044,0.472429,0.881369,4.083891,3.488244
0.045290,-0.976854,-0.828741,0.559633,2.851951,2.421525
0.934583,-2.707933,-0.420195,-0.907434,3.382439,4.880510
0.933776,-2.942197,-0.198077,-0.980186,2.600394,4.399433
0.765828,3.005457,0.135716,-0.990748,2.765544,4.410290
0.645881,-0.500381,-0.479760,0.877400,4.248216,2.329682
0.869620,2.555794,0.552865,-0.833271,2.515175,4.387512
0.375646,1.148129,0.911998,0.410195,2.541764,2.959670
0.653534,-0.956490,-0.817173,0.576392,3.790734,1.922302
0.178474,0.234102,0.231970,0.972723,2.232381,2.083720
0.222690,-3.119769,-0.021822,-0.999762,2.198277,2.674284
0.022735,-1.266923,-0.954185,0.299219,2.040357,1.795843
0.531934,2.031734,0.895636,-0.444788,2.215466,3.100449
0.247512,-0.966607,-0.822963,0.568095,2.744041,1.836324
0.725024,-2.432569,-0.651093,-0.758998,3.609404,4.450060
0.809478,-0.507426,-0.485929,0.873998,4.578658,2.244966
0.015646,-1.846744,-0.962168,-0.272459,1.699982,1.871364
0.100897,-2.930627,-0.209405,-0.977829,1.920278,2.241217
0.048676,1.511364,0.998234,0.059397,1.965496,2.068955
0.402265,-1.669196,-0.995163,-0.098241,3.128313,2.719290
0.056444,0.024478,0.024476,0.999700,2.667500,2.568065
0.289263,1.984144,0.915781,-0.401677,2.277454,2.634823
0.597918,1.084050,0.883859,0.467753,2.887277,3.329219
0.320665,-1.245551,-0.947572,0.319541,3.173219,2.320694
0.221043,-1.253489,-0.950079,0.312009,2.947971,2.301625
0.060958,2.818136,0.317846,-0.948142,2.469032,2.406576
0.625993,-0.457412,-0.441628,0.897198,3.661495,1.817653
0.495621,2.967487,0.173227,-0.984882,2.687118,3.712958
0.785805,-1.138925,-0.908184,0.418571,4.207661,2.251724
0.416325,-2.204031,-0.806118,-0.591755,2.553699,2.935128
0.473519,2.194974,0.811444,-0.584430,2.615665,3.402782
0.300736,1.304243,0.964685,0.263408,2.666372,3.084054
0.562386,2.939187,0.201026,-0.979586,1.988913,3.166245
0.557287,-2.299063,-0.746329,-0.665577,2.983284,3.527641
0.646706,2.652925,0.469450,-0.882959,2.561108,3.895120
0.847133,-2.560624,-0.548834,-0.835932,3.142677,4.300024
0.268462,1.091213,0.887187,0.461410,2.398365,2.758232
0.602922,2.347527,0.713209,-0.700951,2.545093,3.684659
0.724305,0.369768,0.361400,0.932411,4.222573,3.406688
0.479394,2.321473,0.731228,-0.682133,2.087832,2.916163
0.015334,2.746756,0.384658,-0.923059,2.564715,2.354153
0.962078,-2.404473,-0.672158,-0.740408,3.728134,4.667061
0.242593,0.655974,0.609932,0.792454,2.622174,2.763953
0.204513,2.608316,0.508357,-0.861146,1.856466,2.065422
0.380662,0.211430,0.209858,0.977732,2.984361,2.458240
0.359260,-1.498152,-0.997363,0.072580,2.761414,2.154348
0.098608,3.024213,0.117110,-0.993119,2.141843,2.282250
0.469490,2.134594,0.845232,-0.534400,2.553922,3.320178
0.413930,0.392854,0.382827,0.923820,3.011355,2.677734
0.221274,-2.224733,-0.793695,-0.608316,2.435641,2.810409
0.579143,-0.517872,-0.495033,0.868874,4.332094,2.572911
0.152411,-1.068988,-0.876714,0.481012,2.247702,1.611481
0.499301,0.971431,0.825694,0.564119,3.253373,3.565106
0.684847,-1.524761,-0.998941,0.046019,4.048441,2.992308
0.641694,-0.059090,-0.059055,0.998255,3.429214,1.989688
0.168234,1.853386,0.960337,-0.278843,2.394908,2.532158
0.488316,2.619456,0.498733,-0.866756,2.632672,3.559859
0.542137,0.891015,0.777710,0.628623,3.162822,3.379639
0.846697,2.797199,0.337626,-0.941280,2.564656,4.416067
0.668216,1.660890,0.995944,-0.089972,2.396251,3.391487
0.231433,1.301685,0.964007,0.265875,2.624659,2.987199
0.009141,0.036021,0.036013,0.999351,1.921740,1.928209
0.666755,0.732113,0.668443,0.743764,3.683819,3.614389
0.483204,-0.076313,-0.076239,0.997090,3.743044,2.626481
0.011851,0.184837,0.183786,0.982966,2.142494,2.247539
0.274741,3.000091,0.141030,-0.990005,2.650498,3.178199
0.674033,1.923708,0.938370,-0.345632,2.633548,3.781237
0.909773,-2.469189,-0.622869,-0.782327,3.439515,4.481933
0.191932,0.166228,0.165463,0.986216,2.680240,2.441427
0.815214,-1.461942,-0.994081,0.108640,4.025075,2.628947
0.406027,0.408421,0.397160,0.917749,3.211387,2.909768
0.990233,-1.722490,-0.988517,-0.151112,4.196894,3.245288
0.653736,2.250757,0.777597,-0.628763,2.083569,3.316197
0.759586,-2.554112,-0.554266,-0.832340,2.866800,3.928009
0.056115,-3.082215,-0.059342,-0.998238,2.324962,2.479401
0.171384,-0.000890,-0.000890,1.000000,2.243388,1.882646
0.565857,2.249131,0.778619,-0.627497,2.557414,3.577883
0.095362,0.176929,0.176008,0.984389,2.493296,2.440943
0.868117,2.435076,0.649189,-0.760628,2.569613,4.399618
0.475500,-2.849035,-0.288402,-0.957509,2.977469,3.934905
0.899312,0.399044,0.388538,0.921433,4.514867,3.514483
0.032902,2.694019,0.432780,-0.901500,1.905223,1.714340
0.587036,1.584962,0.999900,-0.014165,3.200224,4.029539
0.712711,-0.639025,-0.596413,0.802678,4.356190,2.224619
0.240472,2.102671,0.861858,-0.507150,2.305816,2.546113
0.389157,2.491445,0.605304,-0.795994,2.117702,2.760720
0.139951,3.069198,0.072332,-0.997381,2.498319,2.755117
0.724164,0.004982,0.004982,0.999988,4.193988,2.681801
0.437088,2.127956,0.848761,-0.528777,2.351330,3.041900
0.340593,1.690212,0.992878,-0.119132,2.619400,3.095244
0.773555,-2.955449,-0.185070,-0.982725,2.696652,4.219940
0.273327,3.095008,0.046567,-0.998915,2.086129,2.644751
0.941143,-0.428212,-0.415245,0.909710,4.931159,2.321656
0.679695,1.009531,0.846583,0.532258,3.516862,3.878144
0.798055,1.339000,0.973255,0.229726,3.294920,4.153822
0.082038,-2.172594,-0.824319,-0.566125,2.171145,2.500669
0.739655,-1.151845,-0.913516,0.406803,3.894201,2.056227
0.106551,-3.108950,-0.032637,-0.999467,2.106066,2.347669
0.269766,-2.309027,-0.739661,-0.672980,2.706366,3.156710
0.187392,-0.321425,-0.315919,0.948786,2.453608,1.787541
0.026262,-0.917884,-0.794318,0.607503,2.104798,1.704305
0.093064,0.616027,0.577797,0.816180,2.211594,2.457476
0.291847,-0.704976,-0.648016,0.761627,3.161418,2.084380
0.084700,2.520412,0.581996,-0.813192,2.622192,2.504555
0.571960,-2.076072,-0.875041,-0.484048,2.834741,3.011949
0.380732,-2.269235,-0.765847,-0.643023,2.636026,3.086651
0.063267,-0.410441,-0.399014,0.916945,2.521584,2.108304
0.421102,-0.099078,-0.098916,0.995096,3.447677,2.440482
0.246590,0.785610,0.707256,0.706957,2.666812,2.894885
0.593806,-1.912927,-0.942042,-0.335495,3.461636,3.318085
0.948823,-1.054210,-0.869510,0.493915,4.941485,2.501705
0.620192,1.910569,0.942831,-0.333273,2.468132,3.500864
0.815475,2.258858,0.772478,-0.635041,2.708782,4.334812
0.974225,-2.286297,-0.754765,-0.655996,3.429728,4.088962
0.200851,-1.167521,-0.919781,0.392433,3.123632,2.446807
0.964575,2.945087,0.195243,-0.980755,2.579539,4.695780
0.491007,0.476764,0.458906,0.888485,3.572293,3.257031
0.242424,-0.778768,-0.702403,0.711780,2.909751,1.959029
0.113888,0.401185,0.390509,0.920599,2.186491,2.280232
0.592227,0.286696,0.282785,0.959183,3.505204,2.736621
0.953005,-0.241135,-0.238805,0.971068,4.657408,2.233059
0.708367,-0.386699,-0.377133,0.926159,4.132657,2.136422
0.818966,1.857667,0.959134,-0.282952,3.051867,4.448220
0.409142,-0.004378,-0.004378,0.999990,3.142241,2.277479
0.658663,1.352370,0.976240,0.216693,2.836235,3.584806
0.789077,-2.676856,-0.448187,-0.893940,3.227265,4.493919
0.400805,0.041548,0.041537,0.999137,3.196229,2.407622
0.920392,1.204542,0.933675,0.358120,3.097694,3.842655
0.359529,2.485009,0.610414,-0.792082,2.175955,2.742784
0.536906,0.868213,0.763175,0.646191,3.426489,3.616771
0.657602,-0.911006,-0.790121,0.612951,4.220698,2.307803
0.647000,-2.863268,-0.274745,-0.961517,3.017719,4.260188
0.399618,1.587653,0.999858,-0.016856,2.480086,3.041819
0.965717,-0.436961,-0.423188,0.906042,5.156955,2.478948
0.510676,0.118110,0.117835,0.993033,3.494797,2.596004
0.580518,0.472718,0.455308,0.890334,3.276416,2.844824
0.772342,0.556627,0.528325,0.849042,3.924401,3.432591
0.500466,-0.974099,-0.827196,0.561914,3.658400,2.162896
0.415975,2.901122,0.238160,-0.971226,2.349573,3.174767
0.116069,2.768850,0.364171,-0.931332,2.274291,2.323061
0.455333,-1.841807,-0.963501,-0.267705,3.217059,3.039393
0.482926,-0.149775,-0.149216,0.988805,3.196723,1.989766
0.318909,-1.254978,-0.950542,0.310595,3.097184,2.258121
0.810186,-2.418491,-0.661714,-0.749757,3.432387,4.304747
0.677139,-2.108925,-0.858669,-0.512530,3.081179,3.304045
0.983900,-1.609042,-0.999269,-0.038237,4.527254,3.256551
0.559849,2.880606,0.258034,-0.966136,2.521028,3.684634
0.231856,-0.596605,-0.561837,0.827248,2.918568,2.008068
0.432134,-2.958172,-0.182394,-0.983226,2.740539,3.647987
0.614107,-1.901767,-0.945727,-0.324961,3.197301,3.018417
0.704736,-1.848611,-0.961657,-0.274254,3.490658,3.132356
0.752325,1.939806,0.932685,-0.360692,2.730332,4.047051
0.871979,-1.966889,-0.922575,-0.385817,3.873111,3.702510
0.325985,-0.266719,-0.263567,0.964641,3.028352,2.069730
0.527715,0.874045,0.766931,0.641730,3.512955,3.712912
0.596971,0.699371,0.643737,0.765247,3.189468,3.112966
0.845518,0.737411,0.672374,0.740212,3.737904,3.567890
0.813738,1.294263,0.962008,0.273022,3.124183,3.937435
0.084752,-2.299974,-0.745723,-0.666257,2.510427,2.888315
0.117862,-1.222834,-0.940069,0.340983,2.557896,2.093998
0.510825,-0.513719,-0.491419,0.870923,3.931567,2.346267
0.137867,-0.730672,-0.667370,0.744726,2.630673,1.938341
0.693433,0.912696,0.791156,0.611615,3.649171,3.865308
0.999900,0.345026,0.338221,0.941067,4.485890,3.206112
0.314580,-0.307870,-0.303029,0.952981,3.039532,2.074370
0.053611,-0.885683,-0.774347,0.632761,2.372081,1.899740
0.815216,2.914324,0.225317,-0.974285,2.570932,4.342352
0.505438,-0.031605,-0.031600,0.999501,3.439311,2.333952
0.839892,-0.071003,-0.070943,0.997480,4.291576,2.399293
0.082671,-2.947689,-0.192691,-0.981260,2.182763,2.463172
0.274853,0.236302,0.234109,0.972210,2.642398,2.330652
0.168209,-0.268158,-0.264955,0.964261,2.579053,1.997204
0.549726,-2.430267,-0.652839,-0.757497,2.518522,3.236727
0.114207,1.728586,0.987577,-0.157136,2.291284,2.378245
0.822611,-2.880146,-0.258478,-0.966017,2.674148,4.220034
0.718980,0.291246,0.287146,0.957887,4.034255,3.069553
0.830071,1.579250,0.999964,-0.008454,2.957960,4.128836
0.297709,3.137274,0.004319,-0.999991,2.122689,2.746649
0.816729,-0.382835,-0.373552,0.927609,4.598716,2.338062
0.993958,1.731845,0.987060,-0.160353,3.016696,4.614142
0.587924,-0.938514,-0.806681,0.590987,4.207543,2.480196
0.710754,0.834222,0.740774,0.671754,3.534514,3.617310
0.206620,-1.841333,-0.963628,-0.267249,2.642319,2.659802
0.059358,-0.937354,-0.805995,0.591923,2.223555,1.748831
0.323654,1.282108,0.958618,0.284695,2.802249,3.234154
0.289333,-1.461827,-0.994069,0.108754,3.224281,2.679861
0.679299,-2.543275,-0.563253,-0.826285,2.491639,3.460478
0.962772,1.795050,0.974960,-0.222379,3.476075,5.088048
0.867048,-2.344331,-0.715446,-0.698668,3.094634,3.848215
0.866079,-1.572824,-0.999998,-0.002028,4.125331,2.917931
0.761474,1.107314,0.894501,0.447065,2.930437,3.449063
0.489459,0.486479,0.467516,0.883984,3.225196,2.926237
0.451992,0.839608,0.744381,0.667755,3.188067,3.373227
0.880125,-2.556661,-0.552143,-0.833750,3.041129,4.224026
0.936336,-0.822650,-0.732951,0.680281,4.871201,2.223727
0.950254,-1.085173,-0.884384,0.466759,5.179142,2.782206
0.732724,1.450988,0.992832,0.119522,2.970621,3.888236
0.458449,1.031346,0.857991,0.513664,2.826443,3.191104
0.534424,-1.772927,-0.979641,-0.200757,3.348138,2.978153
0.429643,-1.810491,-0.971411,-0.237406,2.991113,2.782442
0.337755,0.489672,0.470336,0.882487,3.284415,3.171427
0.566142,-0.092125,-0.091994,0.995760,3.542410,2.221516
0.048409,-2.515946,-0.585621,-0.810585,2.427883,2.802884
0.783890,-0.253955,-0.251234,0.967926,4.700962,2.661652
0.441286,-3.137346,-0.004247,-0.999991,2.702017,3.629059
0.958032,-1.870390,-0.955457,-0.295132,4.078386,3.588041
0.649997,-2.142708,-0.840868,-0.541240,3.147204,3.439386
0.932726,-1.419878,-0.988633,0.150346,4.435043,2.745537
0.371844,2.537152,0.568302,-0.822820,2.149912,2.760949
0.165525,-0.651305,-0.606225,0.795293,2.486855,1.732437
0.234144,0.976943,0.828790,0.559559,2.817493,3.138665
0.703698,-3.134767,-0.006825,-0.999977,2.485098,3.960882
0.226191,1.130865,0.904781,0.425878,2.469995,2.823945
0.009287,1.228973,0.942145,0.335206,2.369394,2.596175
0.422314,-2.311112,-0.738256,-0.674521,2.187483,2.697780
0.070828,-0.734693,-0.670360,0.742036,2.300600,1.775555
0.313351,2.393824,0.680004,-0.733208,2.161055,2.592837
0.137129,1.718203,0.989155,-0.146873,2.226106,2.356604
0.992940,-2.244020,-0.781816,-0.623510,3.618751,4.173292
0.530508,-3.088344,-0.053223,-0.998583,2.358990,3.469153
0.722432,0.804751,0.720658,0.693291,3.342719,3.369537
0.151374,-0.554743,-0.526725,0.850036,2.394221,1.698967
0.086688,-2.510352,-0.590147,-0.807296,1.830273,2.239111
0.752446,0.562810,0.533564,0.845759,3.401227,2.942769
0.314504,-2.263014,-0.769833,-0.638246,2.968522,3.395035
0.276968,-2.612242,-0.504973,-0.863135,2.163147,2.774470
0.607593,1.752818,0.983480,-0.181018,2.535915,3.478843
0.690476,2.185871,0.816731,-0.577019,2.398389,3.694685
0.517749,0.059832,0.059796,0.998211,3.377766,2.377565
0.747844,-1.284647,-0.959338,0.282260,4.555085,2.917847
0.954672,-0.032121,-0.032116,0.999484,4.944849,2.875679
0.112744,-0.002623,-0.002623,0.999997,2.202002,1.962991
0.977697,3.059173,0.082326,-0.996605,2.588266,4.689713
0.933924,-2.312320,-0.737440,-0.675412,3.728738,4.437838
0.365412,1.149459,0.912543,0.408981,2.454110,2.868357
0.762726,2.855412,0.282290,-0.959329,2.520680,4.169128
0.067533,-1.494234,-0.997071,0.076488,2.232527,2.074026
0.039827,-2.761656,-0.370862,-0.928688,2.202199,2.500283
0.628571,0.006591,0.006591,0.999978,3.615033,2.305476
0.415432,1.268014,0.954510,0.298177,2.905791,3.400036
0.616047,-1.398211,-0.985144,0.171729,3.842931,2.652687
0.309907,0.071030,0.070970,0.997478,3.062115,2.493297
0.536390,-0.686554,-0.633876,0.773435,4.077463,2.387061
0.634294,2.101892,0.862253,-0.506478,2.457246,3.591876
0.698676,1.444871,0.992082,0.125593,2.859120,3.732468
0.846468,-2.777759,-0.355860,-0.934539,3.153687,4.625990
0.453372,0.683814,0.631754,0.775169,3.177524,3.183290
0.309290,1.518605,0.998638,0.052168,2.435777,2.870778
0.707901,1.266059,0.953926,0.300042,2.983409,3.683120
0.163833,2.846385,0.290939,-0.956742,1.825501,2.026551
0.720766,-2.092533,-0.866955,-0.498387,3.368692,3.550690
0.126931,1.766354,0.980939,-0.194314,2.157551,2.250235
0.771430,-2.957142,-0.183407,-0.983037,3.187750,4.708401
0.807108,-1.432688,-0.990478,0.137670,4.493862,3.045880
0.576652,-2.657347,-0.465541,-0.885027,2.890683,3.874996
0.455198,-0.878867,-0.770017,0.638024,3.175237,1.730725
0.367688,-1.538651,-0.999483,0.032140,3.013776,2.451976
0.102905,0.464405,0.447891,0.894088,2.318687,2.470318
0.508825,-2.864894,-0.273181,-0.961963,2.424779,3.442019
0.862928,-1.605031,-0.999414,-0.034228,3.979680,2.858258
0.150085,2.709059,0.419173,-0.907906,2.211954,2.319783
0.857485,0.332159,0.326085,0.945340,4.551821,3.456770
0.419369,-1.119651,-0.899948,0.435997,3.112481,1.925472
0.416257,1.384110,0.982625,0.185604,2.611992,3.150047
0.372808,0.012824,0.012823,0.999918,3.224300,2.457136
0.901941,-2.014739,-0.903065,-0.429503,4.040308,3.985012
0.954079,-2.708515,-0.419666,-0.907678,2.581958,4.106645
0.465094,-1.367806,-0.979468,0.201599,3.436205,2.463319
0.553091,-3.091521,-0.050051,-0.998747,2.352508,3.508780
0.200671,0.400910,0.390256,0.920706,2.492923,2.466085
0.463927,0.576111,0.544767,0.838588,3.420007,3.276626
0.493361,1.712880,0.989923,-0.141606,2.699826,3.432158
0.760482,-1.601415,-0.999531,-0.030614,4.363310,3.369445
0.006378,-0.565260,-0.535635,0.844449,2.139859,1.807144
0.839574,2.370009,0.697271,-0.716807,2.720137,4.453653
0.950990,-3.132406,-0.009186,-0.999958,2.547241,4.538436
0.727215,-2.488462,-0.607676,-0.794185,2.734525,3.666515
0.529814,-1.645142,-0.997238,-0.074277,3.281985,2.676785
0.996959,1.329852,0.971113,0.238620,3.420451,4.438506
0.093027,2.646945,0.474721,-0.880136,2.349106,2.290399
0.700847,-0.801157,-0.718161,0.695877,4.037909,1.959257
0.974555,-2.608135,-0.508514,-0.861054,3.364028,4.738927
0.819963,-2.671419,-0.453041,-0.891490,3.090961,4.388686
0.567821,-0.408515,-0.397247,0.917712,3.949222,2.283939
0.260991,-1.162333,-0.917732,0.397199,2.798831,1.990640
0.800817,1.261196,0.952455,0.304678,3.206814,3.965406
0.271956,-2.672318,-0.452240,-0.891896,2.224359,2.843888
0.202713,1.758896,0.982361,-0.186992,2.170379,2.400187
0.164375,-0.213282,-0.211669,0.977341,2.518756,1.987869
0.406513,0.225721,0.223809,0.974633,3.303471,2.751516
0.308308,-1.476499,-0.995557,0.094158,2.853301,2.297008
0.119914,-2.151266,-0.836205,-0.548417,2.157312,2.476045
0.696878,-2.888193,-0.250696,-0.968066,2.371791,3.713798
0.835925,-1.082004,-0.882901,0.469560,4.624924,2.477183
0.355743,0.084570,0.084469,0.996426,3.159728,2.516324
0.677183,-1.506916,-0.997960,0.063836,3.856205,2.774707
0.404392,-0.300329,-0.295834,0.955239,3.293946,2.117433
0.748078,-1.571722,-1.000000,-0.000926,3.563732,2.518525
0.139793,-3.066465,-0.075057,-0.997179,2.295162,2.625601
0.830372,3.032059,0.109314,-0.994007,2.889479,4.673830
0.372240,0.818684,0.730247,0.683183,3.114562,3.310298
0.644685,0.517256,0.494497,0.869179,3.572114,3.142562
0.021800,-2.736503,-0.394101,-0.919067,2.506934,2.790524
0.902496,-0.355431,-0.347995,0.937496,5.102082,2.657239
0.829356,-1.058403,-0.871574,0.490264,4.814129,2.649167
0.042696,-0.245076,-0.242630,0.970119,2.360631,2.094379
0.821685,-0.659743,-0.612914,0.790150,4.810881,2.403370
0.029482,1.151161,0.913237,0.407428,2.213433,2.486356
0.187151,-1.383215,-0.982458,0.186484,2.722038,2.263082
0.883424,-2.923884,-0.215993,-0.976395,2.758324,4.450209
0.295105,-0.552969,-0.525216,0.850969,2.881233,1.824018
0.550689,-2.758450,-0.373837,-0.927494,2.650291,3.677386
0.199458,2.416843,0.662948,-0.748665,2.311809,2.463090
0.525814,0.821554,0.732205,0.681084,3.247037,3.383068
0.989404,1.771329,0.979961,-0.199191,2.591942,4.226579
0.359112,0.279714,0.276080,0.961135,2.559877,2.159598
0.502393,-0.701321,-0.645228,0.763990,3.653684,2.048770
0.179816,-1.138026,-0.907807,0.419388,2.694506,2.041101
0.778538,-2.773453,-0.359880,-0.932998,3.334016,4.702189
0.991531,0.184929,0.183876,0.982949,4.818738,3.153791
0.973980,-2.512430,-0.588468,-0.808521,2.551989,3.736337
0.656864,-1.466954,-0.994613,0.103656,3.967995,2.838186
0.055909,3.118923,0.022667,-0.999743,1.709514,1.812803
0.219412,2.177156,0.821728,-0.569880,2.284150,2.471345
0.839222,2.169087,0.826300,-0.563231,2.398972,4.036641
0.176100,0.581317,0.549125,0.835740,2.607360,2.754925
0.913980,-2.964366,-0.176301,-0.984336,2.562860,4.348042
0.700561,2.812094,0.323568,-0.946205,2.222333,3.717406
0.188234,3.066233,0.075288,-0.997162,2.117250,2.478707
0.881626,-0.048841,-0.048822,0.998808,4.509162,2.565561
0.090257,-1.679977,-0.994046,-0.108964,2.537687,2.508553
0.218809,0.166181,0.165417,0.986224,3.153712,2.865413
0.201464,-2.321703,-0.731071,-0.682302,2.413346,2.844980
0.716938,2.631277,0.488452,-0.872591,2.556319,4.061977
0.021913,0.544181,0.517718,0.855551,1.996040,2.282606
0.917224,1.723896,0.988303,-0.152502,3.161273,4.618609
0.960559,-0.794253,-0.713340,0.700818,4.624815,1.901911
0.941923,-0.655992,-0.609946,0.792443,5.077590,2.367433
0.136452,-2.151967,-0.835821,-0.549002,2.445520,2.764374
0.948694,1.833701,0.965639,-0.259886,3.154783,4.779408
0.174203,2.945198,0.195134,-0.980777,2.127298,2.399713
0.693560,2.694514,0.432333,-0.901714,2.481556,3.941782
0.588950,-2.039826,-0.892007,-0.452021,3.073623,3.179437
0.306823,1.184371,0.926262,0.376880,2.795751,3.195158
0.948788,2.819254,0.316786,-0.948497,2.848478,4.948774
0.391601,3.105673,0.035912,-0.999355,2.417141,3.233540
0.602389,2.645461,0.476027,-0.879431,2.385512,3.606418
0.967532,-1.753667,-0.983326,-0.181853,3.822311,2.985019
0.140643,1.541538,0.999572,0.029255,2.054537,2.263182
0.237996,3.030881,0.110486,-0.993878,2.465333,2.922011
0.088726,1.312971,0.966947,0.254978,2.599125,2.844313
0.639103,2.429416,0.653483,-0.756941,2.262445,3.516794
0.249541,-2.715625,-0.413202,-0.910640,2.424525,3.020772
0.256658,-2.462791,-0.627861,-0.778326,2.659587,3.195563
0.732584,2.947454,0.192922,-0.981214,2.529997,4.104879
0.884552,-0.043467,-0.043453,0.999055,4.411854,2.471849
0.101429,-0.128873,-0.128516,0.991707,2.574456,2.255757
0.864051,0.948570,0.812583,0.582846,3.601267,3.858175
0.073709,2.172490,0.824378,-0.566039,2.027146,1.873192
0.294909,-1.139035,-0.908230,0.418471,3.011851,2.111658
0.170105,-0.782521,-0.705070,0.709138,2.583637,1.812413
0.731985,0.295600,0.291314,0.956627,4.041419,3.064529
0.594031,0.714051,0.654900,0.755715,3.283143,3.231501
0.482737,-2.946857,-0.193508,-0.981099,2.630840,3.627543
0.889753,-2.154481,-0.834438,-0.551102,3.617297,3.929501
0.101258,-1.850081,-0.961253,-0.275668,2.435552,2.543393
0.722038,1.444969,0.992094,0.125495,3.259079,4.158807
0.265265,-1.372731,-0.980449,0.196773,2.806312,2.197541
0.571770,2.135369,0.844817,-0.535055,2.508048,3.510338
0.153590,-0.874438,-0.767183,0.641428,2.397118,1.680803
0.662020,0.629673,0.588880,0.808220,3.624523,3.379854
0.199675,-2.979891,-0.160998,-0.986955,2.348252,2.828322
0.081936,2.159965,0.831403,-0.555670,2.301206,2.168799
0.308353,-0.644232,-0.600584,0.799561,2.719949,1.606788
0.091137,0.277252,0.273714,0.961811,2.355212,2.390340
0.184881,2.422122,0.658987,-0.752155,2.036690,2.152321
0.263296,-0.219547,-0.217788,0.975996,3.037636,2.268915
0.226242,-1.454168,-0.993207,0.116364,3.005682,2.554907
0.667468,-2.603078,-0.512862,-0.858471,3.038533,4.070785
0.343791,0.260432,0.257498,0.966279,3.264062,2.864551
0.553602,2.141292,0.841634,-0.540049,2.377426,3.339403
0.818405,-0.511250,-0.489268,0.872134,4.150665,1.792490
0.474824,2.398002,0.676935,-0.736043,2.245650,3.080799
0.476262,-2.645503,-0.475990,-0.879451,2.924652,3.779888
0.502101,2.516133,0.585470,-0.810694,2.154832,3.088944
0.800450,1.115485,0.898124,0.439742,3.289771,3.833513
0.757189,-2.055362,-0.884877,-0.465824,3.450830,3.542046
0.984368,2.966699,0.174003,-0.984745,2.724097,4.879587
0.423375,3.067953,0.073573,-0.997290,2.273965,3.152890
0.435393,3.124435,0.017157,-0.999853,2.122114,3.034755
0.257886,2.581161,0.531552,-0.847026,1.940613,2.276075
0.914174,-2.720544,-0.408718,-0.912661,2.924080,4.414195
0.326127,-1.406172,-0.986480,0.163882,3.088695,2.412886
0.458157,2.346558,0.713888,-0.700260,2.402732,3.184440
0.522562,-0.505207,-0.483988,0.875074,3.386021,1.775184
0.414442,-2.210426,-0.802317,-0.596899,2.497002,2.886212
0.939650,2.669902,0.454393,-0.890802,2.380856,4.453060
0.562684,-2.507051,-0.592808,-0.805343,2.783897,3.602721
0.343869,-0.559894,-0.531097,0.847311,3.388992,2.206445
0.383043,-0.090573,-0.090450,0.995901,3.150169,2.237515
0.275414,-2.237740,-0.785716,-0.618587,2.517867,2.912906
0.608655,1.216810,0.937998,0.346640,3.414855,3.998676
0.331494,-1.648838,-0.996956,-0.077962,2.990681,2.636682
0.745750,2.644184,0.477150,-0.878822,2.501707,4.082645
0.817386,-1.237442,-0.944950,0.327214,4.326337,2.466885
0.280347,-0.052658,-0.052634,0.998614,2.863214,2.217852
0.868900,-2.297224,-0.747552,-0.664203,3.379194,4.029360
0.974219,-0.357447,-0.349883,0.936793,5.078070,2.454876
0.416773,0.914548,0.792287,0.610149,2.717351,2.984009
0.187936,-1.813387,-0.970719,-0.240218,2.663891,2.666520
0.759493,2.307116,0.740945,-0.671566,2.191096,3.701725
0.821017,0.095942,0.095795,0.995401,4.437964,2.898614
0.506795,-2.289280,-0.752805,-0.658244,3.056130,3.569424
0.851295,2.383417,0.687598,-0.726092,2.666161,4.434217
0.832930,2.117287,0.854354,-0.519692,2.629844,4.224328
0.249490,-0.273641,-0.270239,0.962793,3.121446,2.340490
0.273977,2.032650,0.895228,-0.445608,2.118036,2.438554
0.505126,0.850805,0.751811,0.659378,3.105121,3.284349
0.372467,0.590893,0.557103,0.830443,2.968079,2.932875
0.177584,2.327799,0.726897,-0.686746,2.025836,2.113225
0.163514,2.478666,0.615426,-0.788194,2.079227,2.151206
0.748961,1.186583,0.927094,0.374830,3.174025,3.799837
0.162907,0.454011,0.438574,0.898695,2.691389,2.759867
0.964918,2.243796,0.781956,-0.623334,2.438968,4.417185
0.269084,-0.568583,-0.538439,0.842665,2.657832,1.661217
0.020052,1.761200,0.981928,-0.189255,2.120418,2.025869
0.911515,0.925963,0.799200,0.601065,3.732582,3.938170
0.601142,-3.088413,-0.053154,-0.998586,2.538355,3.791389
0.305460,2.934401,0.205712,-0.978613,2.656421,3.231220
0.642740,-0.478736,-0.460658,0.887578,3.892277,1.993540
0.251999,-0.209243,-0.207719,0.978189,2.972700,2.239530
0.677196,2.037705,0.892964,-0.450128,2.463833,3.669198
0.511514,1.020109,0.852165,0.523273,3.029820,3.390124
0.843284,-0.790238,-0.710521,0.703676,4.445199,2.010239
0.298476,-2.462352,-0.628203,-0.778050,2.279758,2.847075
0.063837,3.068462,0.073065,-0.997327,1.876642,1.965862
0.261147,1.326341,0.970269,0.242028,2.123277,2.509665
0.892374,-1.264233,-0.953376,0.301784,4.750306,2.792292
0.899687,1.919072,0.939963,-0.341278,3.049331,4.653510
0.802364,0.628528,0.587955,0.808894,3.686241,3.316653
0.721283,0.976411,0.828493,0.560000,3.099549,3.412698
0.997469,-1.511569,-0.998247,0.059192,4.423033,2.863673
0.035319,1.307336,0.965495,0.260423,2.249538,2.453969
0.572042,-1.948321,-0.929580,-0.368620,3.230031,3.168251
0.534635,1.790061,0.976058,-0.217512,2.400901,3.227065
0.906527,1.079881,0.881902,0.471433,3.170158,3.682974
0.840639,2.365586,0.700435,-0.713717,2.510328,4.244681
0.181136,-2.528335,-0.575535,-0.817777,2.447167,2.941749
0.808344,1.651964,0.996708,-0.081078,2.998798,4.207818
0.183068,1.129166,0.904056,0.427414,2.340128,2.678001
0.355283,1.534416,0.999338,0.036372,2.564779,3.060153
0.307085,1.810126,0.971497,-0.237051,2.272344,2.681673
0.294051,2.206742,0.804510,-0.593939,2.407942,2.771417
0.470537,2.302117,0.744293,-0.667854,1.911641,2.713914
0.071216,2.446836,0.640198,-0.768210,1.882266,1.716718
0.500477,2.309056,0.739641,-0.673002,2.232920,3.110044
0.054062,2.225754,0.793074,-0.609126,2.249676,2.040698
0.137365,-1.883092,-0.951631,-0.307244,2.158152,2.268440
0.906621,-0.266587,-0.263440,0.964676,4.919338,2.570418
0.316383,1.355085,0.976824,0.214042,2.552357,2.989175
0.631033,-2.030573,-0.896152,-0.443748,3.067301,3.142006
0.634499,-3.111977,-0.029611,-0.999561,2.505245,3.831524
0.168606,1.661800,0.995862,-0.090878,2.612962,2.816859
0.489577,1.656054,0.996368,-0.085154,2.818230,3.529305
0.633488,-0.606997,-0.570403,0.821365,4.160221,2.233702
0.965328,-0.733145,-0.669210,0.743074,5.130847,2.371997
0.373101,-3.053144,-0.088334,-0.996091,2.418662,3.214563
0.322213,2.093737,0.866354,-0.499430,2.414616,2.840487
0.626687,-1.578191,-0.999973,-0.007394,3.924366,3.061936
0.693525,-0.977979,-0.829370,0.558700,4.265558,2.322245
0.588671,-2.092174,-0.867134,-0.498075,3.329257,3.532672
0.823844,-1.267933,-0.954486,0.298255,4.264212,2.448047
0.596370,-1.018912,-0.851538,0.524293,4.155138,2.475043
0.887974,3.113145,0.028444,-0.999595,2.455560,4.335009
0.359251,-1.957677,-0.926091,-0.377301,3.196689,3.260147
0.948084,2.627662,0.491604,-0.870819,2.441784,4.528410
0.727169,-2.317202,-0.734134,-0.679005,3.314059,3.952498
0.734077,0.563557,0.534196,0.845360,3.859525,3.421459
0.650540,-2.906831,-0.232611,-0.972570,2.855285,4.130456
0.876544,-1.534422,-0.999339,0.036366,4.215890,2.897159
0.994680,1.017687,0.850895,0.525335,3.782550,4.183034
0.653568,-3.017551,-0.123723,-0.992317,2.538776,3.873458
0.380254,0.297084,0.292733,0.956194,2.866668,2.454891
0.474396,-2.179467,-0.820409,-0.571777,2.817805,3.170913
0.301116,1.015768,0.849886,0.526967,2.335564,2.674123
0.662483,-1.445276,-0.992133,0.125191,3.716664,2.535374
0.830653,-2.482397,-0.612481,-0.790485,3.150051,4.155597
0.718766,-2.401845,-0.674102,-0.738638,3.214628,3.999747
0.198647,-1.886530,-0.950569,-0.310514,2.580408,2.652199
0.262994,0.145431,0.144919,0.989443,2.904689,2.511963
0.295351,-2.893999,-0.245071,-0.969505,2.679316,3.345623
0.496355,-1.836613,-0.964878,-0.262697,3.338741,3.119501
0.002738,1.078403,0.881204,0.472736,2.027707,2.319971
0.906880,2.106326,0.859999,-0.510296,2.597042,4.353559
0.090083,0.073547,0.073481,0.997297,2.243107,2.115009
0.723564,-2.505166,-0.594326,-0.804225,3.050620,4.005161
0.988666,-1.281630,-0.958482,0.285153,4.941678,2.831659
0.464277,-2.514475,-0.586814,-0.809722,2.735611,3.476263
0.290567,1.894984,0.947910,-0.318539,2.371539,2.740150
0.312707,1.498792,0.997409,0.071942,2.745201,3.184842
0.045889,2.211673,0.801572,-0.597899,2.324642,2.098276
0.663355,-2.070232,-0.877853,-0.478931,3.193989,3.340203
0.621807,2.378032,0.691498,-0.722378,2.591381,3.786962
0.092951,1.978979,0.917844,-0.396942,2.251213,2.193104
0.962310,-1.433615,-0.990605,0.136751,4.783412,3.077653
0.385715,2.203335,0.806530,-0.591194,2.411505,2.992130
0.796910,-2.431237,-0.652103,-0.758130,2.934984,3.822254
0.696170,-2.773106,-0.360204,-0.932874,2.927675,4.175645
0.416028,0.570201,0.539801,0.841793,2.994800,2.891843
0.802265,1.120877,0.900482,0.434893,3.450527,4.003363
0.358599,-2.960535,-0.180070,-0.983654,2.588777,3.363111
0.684464,2.127087,0.849219,-0.528040,2.621019,3.879879
0.920398,-2.431986,-0.651536,-0.758618,3.378869,4.351599
0.411284,-2.852740,-0.284853,-0.958571,2.474501,3.329535
0.704568,1.117960,0.899210,0.437517,3.395099,3.910121
0.767529,0.481600,0.463198,0.886255,3.376416,2.733023
0.669844,-1.015987,-0.850001,0.526781,3.810966,1.959406
0.523103,1.260282,0.952177,0.305548,3.090052,3.655379
0.248577,-0.969185,-0.824424,0.565972,3.000363,2.091392
0.676296,-0.723342,-0.661893,0.749598,4.271636,2.233044
0.987792,-2.798744,-0.336172,-0.941801,2.856713,4.567079
0.643399,-2.155589,-0.833827,-0.552026,3.467370,3.784363
0.869416,-2.671200,-0.453236,-0.891391,2.749808,4.108421
0.491648,-1.628025,-0.998363,-0.057197,3.340766,2.752612
0.222707,0.900489,0.783631,0.621227,2.500253,2.794812
0.403277,-1.665044,-0.995562,-0.094108,2.681821,2.265021
0.448099,2.240516,0.783996,-0.620766,2.442145,3.177446
0.447068,-2.395736,-0.678602,-0.734507,2.444291,3.058050
0.102643,-0.550793,-0.523363,0.852110,2.414111,1.843056
0.557131,-3.140526,-0.001066,-0.999999,2.730950,3.900839
0.619066,-1.227747,-0.941733,0.336360,3.964661,2.489453
0.508338,-1.841908,-0.963474,-0.267803,2.945749,2.726567
0.363342,-2.800571,-0.334450,-0.942414,2.008115,2.777700
0.222918,-0.286136,-0.282248,0.959342,2.487271,1.760550
0.473134,0.987511,0.834658,0.550769,2.817405,3.144830
0.715914,-2.425163,-0.656696,-0.754155,3.123743,3.946036
0.341357,2.072722,0.876658,-0.481114,2.167008,2.635608
0.964434,-1.307006,-0.965409,0.260742,4.379848,2.372058
0.045778,-2.110174,-0.858028,-0.513602,2.137918,2.440782
0.140449,1.362547,0.978394,0.206747,2.262330,2.535328
0.610852,-1.963223,-0.923984,-0.382431,3.220496,3.168243
0.930216,-0.672951,-0.623296,0.781986,4.544562,1.864082
0.716788,-2.464480,-0.626545,-0.779385,3.179805,4.066063
0.414470,2.680574,0.444861,-0.895600,2.452730,3.211491
0.772145,-0.310989,-0.306000,0.952031,4.149764,2.071328
0.658457,2.866328,0.271801,-0.962353,2.625329,4.023491
0.530364,-2.836408,-0.300469,-0.953792,2.793321,3.833129
0.935308,2.128844,0.848290,-0.529531,2.412563,4.248982
0.921162,-2.028197,-0.897203,-0.441617,3.890206,3.864785
0.578554,1.448241,0.992499,0.122249,2.928635,3.668940
0.600546,2.404549,0.672102,-0.740459,2.551600,3.702142
0.504110,-0.724686,-0.662900,0.748708,4.075850,2.467977
0.762375,-1.422539,-0.989030,0.147715,4.020186,2.625814
0.963594,2.956186,0.184346,-0.982861,2.560044,4.670768
0.412745,1.256727,0.951084,0.308932,2.714207,3.201688
0.748427,-1.263466,-0.953145,0.302515,4.021710,2.345707
0.711874,2.736403,0.394193,-0.919028,2.064658,3.577816
0.632583,-1.879369,-0.952768,-0.303699,3.303508,3.065711
0.345294,1.083056,0.883394,0.468631,2.538250,2.915270
0.981335,0.943021,0.809336,0.587346,4.106750,4.341019
0.694312,-1.116011,-0.898355,0.439270,4.007538,2.217590
0.115405,-0.928417,-0.800673,0.599102,2.168238,1.557903
0.667157,-0.518501,-0.495579,0.868563,4.141002,2.159930
0.747869,2.145012,0.839618,-0.543177,2.451560,3.864483
0.808305,0.142817,0.142332,0.989819,4.670878,3.250404
0.025272,-2.228478,-0.791412,-0.611284,2.074635,2.417720
0.750185,-2.130406,-0.847463,-0.530855,3.316689,3.577853
0.286616,-1.567271,-0.999994,0.003525,2.974568,2.568719
0.295141,1.593378,0.999745,-0.022580,2.130696,2.541980
0.032306,1.973085,0.920167,-0.391525,2.460456,2.276449
0.739492,2.292367,0.750769,-0.660564,2.746293,4.202217
0.742413,0.384974,0.375535,0.926808,3.955177,3.144179
0.798822,-1.334306,-0.972166,0.234292,4.604766,2.965073
0.664494,2.679683,0.445658,-0.895203,2.030703,3.415226
0.975823,-1.177130,-0.923509,0.383577,5.173156,2.877500
0.552125,-3.060130,-0.081373,-0.996684,2.517396,3.666885
0.780925,2.325521,0.728460,-0.685088,2.799000,4.369585
0.829983,2.585445,0.527918,-0.849295,2.420310,4.200180
0.755108,0.292892,0.288722,0.957413,3.736852,2.717378
0.603387,1.735081,0.986536,-0.163547,2.806528,3.734186
0.177426,1.147679,0.911814,0.410604,2.334742,2.670320
0.186977,-2.049606,-0.887544,-0.460723,2.249330,2.484142
0.428508,0.355620,0.348171,0.937431,3.149476,2.743256
0.130067,0.527700,0.503548,0.863968,2.393833,2.554076
0.709689,-2.168920,-0.826394,-0.563093,3.520938,3.864801
0.153703,-1.114448,-0.897668,0.440673,2.999452,2.387144
0.615609,1.017186,0.850632,0.525762,3.303720,3.670206
0.490551,0.456643,0.440938,0.897538,3.038421,2.693670
0.317859,-1.759531,-0.982243,-0.187616,3.098275,2.915408
0.183869,-2.713227,-0.415384,-0.909646,2.081949,2.590756
0.537036,-2.563882,-0.546108,-0.837715,2.765699,3.620100
0.221198,-1.801051,-0.973608,-0.228226,2.487075,2.447126
0.218445,1.587483,0.999861,-0.016685,2.498519,2.800276
0.530499,3.120425,0.021166,-0.999776,2.727915,3.842620
0.008804,1.061472,0.873074,0.487588,1.585071,1.884808
0.445667,2.541526,0.564697,-0.825298,2.096512,2.895012
0.958897,1.147004,0.911536,0.411220,3.388565,4.046583
0.320937,2.613381,0.503990,-0.863710,2.452465,2.956315
0.540237,-1.364526,-0.978802,0.204811,3.461484,2.348499
0.911336,2.023871,0.899105,-0.437732,2.434886,4.144264
0.445557,-2.866065,-0.272055,-0.962282,2.782043,3.695973
0.898282,-1.932002,-0.935472,-0.353402,3.417830,3.139459
0.167395,2.866868,0.271282,-0.962500,2.147424,2.366570
0.537975,-3.095533,-0.046043,-0.998939,2.781268,3.907335
0.773582,2.293054,0.750315,-0.661080,2.635595,4.174925
0.424209,-2.488601,-0.607565,-0.794270,2.351048,3.035586
0.976224,1.729175,0.987484,-0.157717,2.895052,4.458971
0.646561,2.763038,0.369578,-0.929200,2.431020,3.786815
0.459225,-1.057363,-0.871064,0.491170,3.299168,1.965988
0.087521,-2.800616,-0.334407,-0.942429,2.260646,2.613492
0.574962,-1.711253,-0.990152,-0.139995,3.162089,2.631133
0.258648,-0.703512,-0.646900,0.762575,2.723937,1.730173
0.016891,1.088868,0.886103,0.463489,1.964013,2.256015
0.534834,0.888585,0.776181,0.630511,2.839851,3.055443
0.585608,1.262179,0.952754,0.303742,2.682260,3.292417
0.072589,2.689503,0.436846,-0.899536,2.426423,2.332870
0.301351,-2.598064,-0.517159,-0.855889,2.694035,3.327330
0.765274,-0.391592,-0.381661,0.924303,4.142284,2.001016
0.473988,0.210284,0.208738,0.977972,3.536018,2.843983
0.136381,-0.684914,-0.632606,0.774474,2.587511,1.901959
0.960134,-2.236339,-0.786582,-0.617486,3.434226,3.961931
0.677289,2.602300,0.513529,-0.858072,2.526323,3.925244
0.373131,2.824073,0.312212,-0.950013,1.973216,2.673091
0.553524,0.346013,0.339150,0.940732,3.499088,2.891734
0.596655,0.233433,0.231319,0.972878,3.671776,2.803540
0.946979,-1.227162,-0.941536,0.336911,4.711485,2.571172
0.343852,-0.548808,-0.521671,0.853147,2.681182,1.502463
0.645932,0.078871,0.078789,0.996891,3.949605,2.723596
0.834748,-1.920605,-0.939438,-0.342718,3.935077,3.663353
0.181358,1.882820,0.951714,-0.306985,2.483791,2.637834
0.932370,3.105860,0.035725,-0.999362,2.401668,4.380036
0.461265,0.312052,0.307012,0.951706,3.249207,2.730120
0.098202,1.417419,0.988261,0.152777,2.295556,2.505607
0.487190,-1.062795,-0.873718,0.486432,3.711738,2.320632
0.100045,0.750940,0.682326,0.731048,2.525201,2.816349
0.900119,-1.144885,-0.910662,0.413151,4.362662,2.170749
0.305675,0.528855,0.504545,0.863385,2.892787,2.859414
0.565552,-0.851413,-0.752212,0.658921,3.688893,1.963784
0.004832,-1.594829,-0.999711,-0.024030,2.314780,2.325077
0.221526,1.506810,0.997954,0.063943,1.977633,2.302057
0.134306,1.463811,0.994283,0.106781,2.413705,2.644860
0.877886,-0.233431,-0.231316,0.972879,4.562030,2.326643
0.551672,-2.037196,-0.893193,-0.449674,3.288932,3.401186
0.606628,2.147549,0.838238,-0.545305,2.531111,3.617716
0.538618,-1.487641,-0.996545,0.083060,3.375825,2.472476
0.886336,-2.661165,-0.462158,-0.886798,3.148768,4.512779
0.507178,-2.945594,-0.194747,-0.980854,2.552942,3.593057
0.581890,-0.596058,-0.561384,0.827555,3.466812,1.673031
0.551594,0.273126,0.269743,0.962932,3.273893,2.548607
0.998728,-0.175276,-0.174380,0.984678,5.033880,2.604668
0.223307,1.709936,0.990336,-0.138692,2.105550,2.384051
0.733227,-1.313191,-0.967003,0.254766,3.830777,2.273398
0.396785,0.013617,0.013617,0.999907,3.262387,2.446311
0.662678,2.186434,0.816405,-0.577480,2.579950,3.810985
0.165844,0.088823,0.088707,0.996058,2.281700,2.017247
0.446220,-2.015990,-0.902527,-0.430633,3.253382,3.365156
0.967736,1.482328,0.996089,0.088353,3.110935,4.342516
0.483503,-0.887214,-0.775315,0.631575,3.576452,2.067595
0.062861,-0.820363,-0.731393,0.681956,2.525419,2.021884
0.042808,-1.842393,-0.963344,-0.268270,2.358066,2.505353
0.469674,-0.284984,-0.281142,0.959666,3.378700,2.058441
0.046437,3.019635,0.121656,-0.992572,1.981910,2.002087
0.521373,2.071234,0.877373,-0.479810,2.722249,3.593318
0.834872,-1.487129,-0.996502,0.083570,4.091872,2.722328
0.653675,-0.846365,-0.748877,0.662709,4.005754,2.063309
0.653337,2.107814,0.859238,-0.511576,2.296490,3.476600
0.907242,0.102867,0.102686,0.994714,4.548705,2.855492
0.352898,2.310449,0.738703,-0.674032,2.045249,2.561190
0.604211,0.011542,0.011542,0.999933,3.806731,2.555815
0.138968,-2.101061,-0.862673,-0.505761,2.620227,2.905402
0.211517,-1.967230,-0.922444,-0.386131,2.661417,2.809102
0.362223,1.365353,0.978971,0.204001,2.675115,3.156183
0.811173,1.383907,0.982587,0.185803,3.222729,4.149885
0.481517,-0.133112,-0.132719,0.991154,3.518945,2.335155
0.833365,-3.000560,-0.140566,-0.990071,2.894801,4.560912
0.043144,0.461729,0.445497,0.895283,2.359404,2.584390
0.039191,0.454081,0.438637,0.898664,2.444525,2.670562
0.055912,-1.518899,-0.998654,0.051874,2.465207,2.344682
0.599358,0.399640,0.389087,0.921201,4.044300,3.462212
0.018620,1.379456,0.981750,0.190175,2.033227,2.182076
0.085749,-0.319165,-0.313774,0.949498,2.208616,1.791421
0.992776,2.307829,0.740466,-0.672094,2.811507,4.893507
0.600839,1.851127,0.960964,-0.276674,2.920067,3.891390
0.820453,-1.998781,-0.909804,-0.415038,3.612253,3.546633
0.724187,-0.988526,-0.835216,0.549922,4.070088,2.065465
0.453470,0.569231,0.538985,0.842315,3.149759,3.007609
0.108570,-1.870199,-0.955513,-0.294950,2.534555,2.653846
0.859592,0.027392,0.027388,0.999625,4.385363,2.633022
0.096299,-0.151618,-0.151038,0.988528,2.436379,2.111595
0.614748,-2.896319,-0.242822,-0.970071,2.706606,3.914843
0.117516,-0.111583,-0.111352,0.993781,2.194598,1.853566
0.130329,0.650150,0.605306,0.795993,2.591337,2.821200
0.774870,0.937651,0.806170,0.591684,3.104499,3.350142
0.522044,-0.814443,-0.727343,0.686274,3.903990,2.270635
0.229486,1.899408,0.946491,-0.322729,2.341333,2.587131
0.789556,-0.746213,-0.678863,0.734265,4.172938,1.856152
0.761539,1.235950,0.944461,0.328624,3.008680,3.707337
0.097717,-2.300380,-0.745452,-0.666560,2.102400,2.485023
0.859053,-1.361776,-0.978235,0.207502,4.400627,2.707704
0.876766,-0.573990,-0.542987,0.839741,4.864040,2.332221
0.789422,0.490008,0.470633,0.882329,4.258881,3.606983
0.117829,-3.096391,-0.045186,-0.998979,2.005479,2.276810
0.315902,-0.865384,-0.761345,0.648347,2.771746,1.659391
0.154779,0.952380,0.814797,0.579746,2.367384,2.686167
0.423562,-0.844183,-0.747429,0.664342,3.770869,2.389151
0.275561,1.134779,0.906441,0.422333,2.536355,2.909626
0.783788,-0.110158,-0.109936,0.993939,4.133198,2.300098
0.370213,0.345018,0.338214,0.941069,3.021775,2.688237
0.344356,1.291161,0.961156,0.276005,2.750408,3.199886
0.735782,2.230524,0.790159,-0.612902,2.319040,3.740997
0.446595,1.252311,0.949711,0.313129,2.438014,2.946304
0.161795,-1.794112,-0.975168,-0.221465,2.301132,2.306667
0.550576,1.238148,0.945181,0.326547,2.999670,3.566717
0.706790,-2.131646,-0.846803,-0.531906,3.382195,3.649057
0.091089,-2.228467,-0.791418,-0.611275,2.246628,2.601273
0.925862,-0.406036,-0.394970,0.918694,5.006171,2.453982
0.080040,-2.904369,-0.235005,-0.971994,2.229819,2.526758
0.384326,3.043877,0.097560,-0.995230,2.152490,2.940251
0.711606,0.612438,0.574864,0.818249,3.503087,3.182293
0.945716,2.012056,0.904214,-0.427079,2.588720,4.363763
0.201707,0.985733,0.833677,0.552252,2.278007,2.601783
0.803910,-1.344561,-0.974518,0.224311,4.522365,2.893871
0.515814,-1.685961,-0.993376,-0.114910,3.358664,2.845685
0.169483,-2.915014,-0.224645,-0.974441,2.250177,2.696924
0.157445,3.121594,0.019997,-0.999800,2.213063,2.534044
0.779673,-0.922826,-0.797311,0.603569,4.173144,1.977752
0.517743,1.488647,0.996628,0.082057,2.860218,3.550642
0.068617,-2.575064,-0.536706,-0.843769,2.100089,2.487114
0.915009,-0.954446,-0.815993,0.578061,5.165224,2.678985
0.963288,-1.404243,-0.986162,0.165785,4.509993,2.730242
0.929714,0.470653,0.453468,0.891272,4.216350,3.349379
0.261108,-0.583490,-0.550940,0.834545,2.950301,1.969453
0.294252,2.808681,0.326796,-0.945095,2.306113,2.808542
0.802942,2.869589,0.268662,-0.963235,2.815931,4.560975
0.574894,1.220143,0.939149,0.343511,2.665409,3.232396
0.966055,0.396900,0.386561,0.922264,4.508926,3.410287
0.961239,-0.258563,-0.255692,0.966758,4.579262,2.110635
0.460720,0.545547,0.518886,0.854844,3.255327,3.073437
0.067554,0.839822,0.744524,0.667595,2.248222,2.571857
0.994198,1.111577,0.896399,0.443248,3.701725,4.302111
0.955446,0.103699,0.103513,0.994628,4.882105,3.096980
0.009723,2.087130,0.869635,-0.493695,2.107072,1.828457
0.673698,2.017372,0.901931,-0.431879,2.640913,3.829935
0.076029,2.710543,0.417825,-0.908527,1.944256,1.868061
0.894316,-1.450940,-0.992826,0.119570,4.427654,2.876935
0.947118,1.150497,0.912967,0.408034,3.766358,4.426128
0.199667,1.479244,0.995812,0.091424,2.197012,2.500769
0.872742,-1.842364,-0.963352,-0.268242,4.016568,3.512019
0.618597,-2.161444,-0.830580,-0.556899,3.332700,3.660613
0.106689,2.640120,0.480717,-0.876876,2.013289,1.986483
0.613827,1.660295,0.995998,-0.089380,2.411786,3.320602
0.541474,-2.876046,-0.262437,-0.964949,2.307843,3.383405
0.492340,3.049615,0.091848,-0.995773,2.447635,3.476466
0.897000,2.317043,0.734242,-0.678888,1.964576,3.816530
0.916007,-1.380626,-0.981972,0.189027,4.549440,2.796602
0.222093,0.481702,0.463288,0.886208,2.978066,2.996192
0.478320,0.256153,0.253361,0.967372,3.463661,2.833191
0.502475,-0.667796,-0.619257,0.785188,3.560717,1.956198
0.976507,1.245607,0.947590,0.319488,3.368838,4.221057
0.460071,1.188845,0.927939,0.372732,2.930421,3.410102
0.581008,-1.096817,-0.889759,0.456431,3.767804,2.202886
0.612778,-1.509845,-0.998143,0.060914,3.492328,2.515085
0.471345,0.710528,0.652234,0.758018,3.038389,3.064566
0.365924,-0.007728,-0.007728,0.999970,3.206618,2.428832
0.372310,2.226296,0.792743,-0.609556,2.622861,3.174392
0.279630,-2.011315,-0.904530,-0.426409,2.828055,2.994335
0.228567,-2.514093,-0.587123,-0.809498,2.601503,3.134871
0.269949,-1.659985,-0.996025,-0.089071,2.548105,2.284273
0.145844,2.884911,0.253872,-0.967238,2.266145,2.442331
0.149548,1.920571,0.939450,-0.342686,2.319511,2.398467
0.995562,2.195282,0.811264,-0.584680,2.886980,4.908057
0.517007,1.385821,0.982941,0.183922,2.787930,3.426255
0.562138,0.426217,0.413429,0.910536,3.285474,2.799470
0.398402,1.197218,0.931027,0.364949,3.048206,3.500010
0.476539,0.815948,0.728376,0.685178,3.175644,3.325250
0.449855,-1.038884,-0.861839,0.507183,3.225344,1.897452
0.931845,-1.522323,-0.998825,0.048455,4.636061,3.204313
0.019835,-2.379835,-0.690194,-0.723624,2.491984,2.852569
0.198958,0.476859,0.458991,0.888441,2.170523,2.212620
0.649131,-2.044933,-0.889687,-0.456570,3.366286,3.464482
0.673193,-0.078579,-0.078498,0.996914,3.826606,2.288501
0.736526,2.448133,0.639202,-0.769039,2.338048,3.842529
0.631712,-2.231484,-0.789571,-0.613660,3.264880,3.719834
0.167576,1.933444,0.934961,-0.354751,2.066346,2.178358
0.571638,2.192208,0.813057,-0.582184,2.678624,3.696840
0.071344,-2.123720,-0.850993,-0.525177,2.253023,2.559553
0.291356,-1.461014,-0.993980,0.109562,3.027733,2.479023
0.644644,-1.437291,-0.991101,0.133110,3.371732,2.204716
0.363165,0.546133,0.519387,0.854539,3.071393,2.994440
0.965526,-0.540423,-0.514498,0.857491,5.025053,2.282109
0.727772,1.018018,0.851069,0.525054,3.382800,3.760286
0.940437,1.261016,0.952401,0.304849,3.531009,4.386136
0.103009,-2.740773,-0.390173,-0.920742,2.269999,2.664379
0.878691,0.304318,0.299643,0.954051,4.541971,3.350230
0.764996,-2.618510,-0.499553,-0.866283,3.045245,4.204832
0.262452,-2.165975,-0.828048,-0.560657,2.310805,2.640534
0.309371,-1.587154,-0.999866,-0.016357,2.491294,2.080309
0.284175,0.794702,0.713655,0.700498,2.936527,3.152356
0.028571,1.027610,0.856066,0.516867,2.442912,2.755873
0.860369,-1.098293,-0.890432,0.455117,3.989106,1.810597
0.540584,-1.429962,-0.990099,0.140369,3.585492,2.579531
0.444845,2.950221,0.190206,-0.981744,2.318323,3.223187
0.597584,0.823396,0.733458,0.679734,3.141411,3.251009
0.635851,0.402026,0.391284,0.920270,3.356256,2.727810
0.309661,-0.960270,-0.819346,0.573299,2.961857,1.905028
0.539668,1.914535,0.941501,-0.337010,2.310600,3.181765
0.259807,-1.234188,-0.943880,0.330288,2.888015,2.146267
0.000092,1.981590,0.916804,-0.399337,2.211363,1.955279
0.469198,-3.089335,-0.052234,-0.998635,2.288845,3.275018
0.922088,2.808317,0.327140,-0.944976,2.559428,4.595181
0.430435,-1.301106,-0.963853,0.266433,3.268177,2.266755
0.231215,-3.096241,-0.045336,-0.998972,2.117781,2.619862
0.560554,-0.661292,-0.614137,0.789199,3.940722,2.190471
0.163269,1.489855,0.996726,0.080853,2.128120,2.384638
0.262980,-0.488584,-0.469376,0.882998,3.021240,2.070665
0.239562,1.662143,0.995831,-0.091220,2.651142,2.967434
0.684640,-1.352915,-0.976358,0.216161,3.717050,2.322694
0.742927,1.940302,0.932506,-0.361154,2.281973,3.579579
0.182407,-1.322012,-0.969212,0.246226,2.804284,2.295406
0.636893,0.739716,0.674078,0.738660,3.367363,3.329005
0.187789,-3.019728,-0.121563,-0.992584,2.539291,2.983228
0.049632,0.219728,0.217964,0.975957,2.268358,2.330688
0.269195,1.352116,0.976185,0.216942,2.538215,2.931716
0.727107,-1.678801,-0.994173,-0.107795,3.939286,3.166879
0.341913,-1.183899,-0.926084,0.377317,3.254257,2.295442
0.799462,3.128797,0.012796,-0.999918,2.290350,3.974449
0.330249,2.158565,0.832180,-0.554506,2.377382,2.823687
0.951644,-2.789493,-0.344869,-0.938651,3.070158,4.713136
0.470147,-1.934013,-0.934759,-0.355283,2.975228,2.943210
0.841539,1.993345,0.912047,-0.410086,2.723633,4.261071
0.768146,-1.577316,-0.999979,-0.006520,3.882268,2.821968
0.771225,-0.358387,-0.350764,0.936464,4.393082,2.267750
0.460835,1.702718,0.991311,-0.131539,2.468367,3.143950
0.521139,3.029223,0.112133,-0.993693,2.114319,3.205623
0.312109,-1.111727,-0.896465,0.443114,3.041235,2.081026
0.629164,-2.876531,-0.261969,-0.965076,2.914187,4.135513
0.253313,0.870347,0.764553,0.644561,2.481555,2.754776
0.198724,2.434857,0.649355,-0.760486,2.295157,2.447504
0.112928,0.835092,0.741358,0.671110,2.207372,2.513700
0.324513,-2.090037,-0.868196,-0.496221,2.678728,2.924025
0.789144,-3.085485,-0.056079,-0.998426,2.789278,4.421110
0.041993,1.781127,0.977962,-0.208784,1.856125,1.789104
0.371399,-2.579374,-0.533065,-0.846074,2.602358,3.300780
0.157698,-2.567300,-0.543241,-0.839577,1.940255,2.417624
0.996973,0.786230,0.707694,0.706519,3.761154,3.619729
0.059775,0.908391,0.788515,0.615015,2.098263,2.426513
0.125827,-1.679655,-0.994081,-0.108644,2.038812,1.968004
0.981676,1.813087,0.970791,-0.239927,2.919511,4.585285
0.438719,-1.929156,-0.936473,-0.350739,2.614088,2.591959
0.689250,-0.891160,-0.777801,0.628510,4.434046,2.431586
0.485302,-0.392699,-0.382683,0.923880,3.886622,2.437574
0.294715,1.238025,0.945141,0.326664,2.571719,2.975633
0.347665,1.460227,0.993893,0.110344,2.632244,3.112210
0.275324,2.081931,0.872190,-0.489167,2.501725,2.822089
0.068877,-2.167539,-0.827171,-0.561951,2.083073,2.409973
0.295673,-1.486920,-0.996484,0.083778,2.844331,2.321387
0.638026,-0.759992,-0.688915,0.724842,4.015727,2.079631
0.185534,-3.023972,-0.117349,-0.993091,2.472394,2.910420
0.238787,1.388606,0.983449,0.181184,2.114460,2.477103
0.658289,0.244771,0.242334,0.970193,3.616358,2.663070
0.497549,0.323382,0.317775,0.948166,3.521590,2.963160
0.613039,-1.114637,-0.897751,0.440504,3.777294,2.162875
0.523201,-2.722631,-0.406812,-0.913512,2.584087,3.549939
0.835193,-2.326197,-0.727997,-0.685580,3.484807,4.185395
0.485370,-2.521106,-0.581432,-0.813595,2.631588,3.396909
0.571012,2.113032,0.856557,-0.516052,2.307215,3.301353
0.701314,-1.533483,-0.999304,0.037304,3.630558,2.568367
0.366354,0.665726,0.617630,0.786468,3.322579,3.374317
0.208738,-0.054001,-0.053975,0.998542,2.900760,2.409549
0.889767,-2.639209,-0.481516,-0.876437,3.161600,4.494834
0.558020,2.753567,0.378361,-0.925658,2.315847,3.450995
0.415953,-0.822666,-0.732962,0.680270,3.237426,1.867352
0.265816,-2.886161,-0.252663,-0.967554,1.964192,2.581392
0.070388,-1.232104,-0.943190,0.332254,2.796232,2.434810
0.097119,1.414797,0.987857,0.155367,2.036490,2.246556
0.531661,-1.951178,-0.928523,-0.371275,3.012019,2.976735
0.625325,-2.017544,-0.901857,-0.432035,3.279395,3.329944
0.749194,-0.532911,-0.508043,0.861332,4.591249,2.396922
0.357963,-0.259366,-0.256468,0.966553,3.338394,2.309763
0.665242,2.405354,0.671505,-0.741000,2.500011,3.812284
0.401557,-1.020937,-0.852598,0.522568,3.377489,2.145632
0.158176,3.131750,0.009842,-0.999952,2.026324,2.353769
0.315155,3.087953,0.053614,-0.998562,2.377853,3.024907
0.324654,-0.806010,-0.721530,0.692383,3.087979,1.938281
0.725868,0.681181,0.629711,0.776829,3.420394,3.218602
0.563145,-1.797443,-0.974426,-0.224711,3.383990,3.034769
0.254089,2.900644,0.238624,-0.971112,1.766064,2.206910
0.447500,-0.646599,-0.602475,0.798137,3.358012,1.893912
0.595763,0.110643,0.110417,0.993885,3.125598,2.051061
0.993412,-1.245066,-0.947417,0.320001,4.784817,2.587374
0.855720,-3.005239,-0.135932,-0.990718,2.930145,4.641900
0.821940,1.192041,0.929126,0.369764,3.279625,3.951034
0.556323,2.676150,0.448819,-0.893623,2.639982,3.752794
0.154715,-2.904488,-0.234889,-0.972022,2.167655,2.592411
0.367083,0.516200,0.493578,0.869701,3.041065,2.924778
0.232994,1.954537,0.927271,-0.374392,2.442698,2.685338
0.917882,1.471936,0.995117,0.098699,3.277871,4.435136
0.723581,1.840371,0.963884,-0.266322,2.858514,4.059930
0.689595,0.478983,0.460877,0.887464,4.074284,3.520357
0.907656,0.598355,0.563284,0.826263,4.012041,3.478690
0.576284,-2.648505,-0.473348,-0.880875,3.089725,4.065733
0.055923,1.702124,0.991389,-0.130951,1.927920,1.930040
0.416522,2.311151,0.738229,-0.674550,2.634771,3.306700
0.869787,-1.717084,-0.989319,-0.145766,3.927781,3.090281
0.011434,1.743073,0.985197,-0.171425,1.876462,1.778128
0.382487,-1.226582,-0.941341,0.337457,3.409883,2.412395
0.149580,0.015090,0.015089,0.999886,2.584184,2.283823
0.220797,-2.824167,-0.312122,-0.950042,2.290152,2.841750
0.445616,0.597733,0.562770,0.826613,2.882660,2.785846
0.504729,-1.746187,-0.984658,-0.174493,3.186670,2.796112
0.132189,-2.622946,-0.495705,-0.868491,2.460414,2.911128
0.571441,-2.831762,-0.304897,-0.952385,2.579160,3.681389
0.501823,1.720494,0.988816,-0.149139,2.604676,3.353308
0.130375,-2.294175,-0.749574,-0.661921,2.079678,2.471399
0.652248,-1.909464,-0.943198,-0.332231,3.356110,3.169247
0.615997,1.480744,0.995948,0.089930,2.808620,3.613884
0.776772,-1.109537,-0.895493,0.445076,4.390226,2.411385
0.924138,-2.578653,-0.533675,-0.845690,3.137802,4.404486
0.348308,-1.126334,-0.902842,0.429972,2.892607,1.866113
0.593877,-2.989497,-0.151510,-0.988456,2.375682,3.587289
0.616221,3.079761,0.061792,-0.998089,3.091925,4.393653
0.442210,-2.225388,-0.793297,-0.608835,3.209177,3.621533
0.199685,-0.792807,-0.712326,0.701848,2.804068,1.960656
0.757734,2.216482,0.798687,-0.601747,2.577154,4.045522
0.948941,2.681222,0.444280,-0.895888,2.618511,4.715431
0.868752,2.011461,0.904468,-0.426541,3.003083,4.611264
0.111278,-0.313772,-0.308649,0.951176,2.457760,1.981896
0.022748,-1.828347,-0.967017,-0.254713,2.011368,2.165157
0.523266,-1.516396,-0.998521,0.054373,3.377798,2.548557
0.483026,1.444652,0.992054,0.125810,2.878902,3.509517
0.018389,0.521535,0.498212,0.867055,2.394909,2.676636
0.663528,-2.868387,-0.269819,-0.962911,2.798028,4.070980
0.789188,0.741195,0.675170,0.737663,3.869950,3.742028
0.053085,0.972372,0.826224,0.563341,2.401641,2.726057
0.271310,2.212202,0.801255,-0.598323,2.263077,2.572731
0.660100,2.288853,0.753086,-0.657922,2.870305,4.131451
0.649411,-1.689117,-0.993008,-0.118045,3.657869,2.998090
0.380701,2.994641,0.146423,-0.989222,2.479961,3.247466
0.866773,0.198301,0.197004,0.980403,4.496695,3.086406
0.186417,0.004089,0.004089,0.999992,2.158399,1.770856
0.021488,-1.587182,-0.999866,-0.016385,2.277427,2.259555
0.529415,-1.045713,-0.865282,0.501285,3.529581,2.027308
0.346780,-0.930458,-0.801893,0.597467,3.195267,2.035483
0.625231,-1.657474,-0.996246,-0.086570,3.818733,3.120731
0.811893,0.790377,0.710618,0.703578,3.682987,3.641112
0.878677,2.452969,0.635475,-0.772121,2.554809,4.417808
0.554939,-1.381083,-0.982058,0.188578,3.515359,2.402984
0.151708,2.495526,0.602050,-0.798458,2.124670,2.170420
0.382207,2.894071,0.245002,-0.969523,2.239159,2.982156
0.612448,0.788694,0.709434,0.704772,3.342869,3.394713
0.152749,2.956472,0.184065,-0.982914,2.344135,2.572146
0.909735,-1.072636,-0.878463,0.477811,4.569942,2.244458
0.138577,0.259834,0.256920,0.966433,2.420723,2.363132
0.800105,2.278205,0.760048,-0.649867,2.409646,4.007181
0.523805,-2.291776,-0.751159,-0.660121,3.234923,3.757304
0.995686,2.989394,0.151611,-0.988440,3.002316,5.175525
0.917112,-1.146705,-0.911413,0.411493,5.072437,2.847186
0.557340,2.818647,0.317362,-0.948305,2.531672,3.678542
0.879638,1.426783,0.989648,0.143516,3.286861,4.339918
0.765435,2.388439,0.683943,-0.729536,2.301329,3.857641
0.443004,2.725448,0.404237,-0.914654,2.435601,3.278406
0.894130,2.722190,0.407215,-0.913332,2.498023,4.462361
0.106771,-1.980796,-0.917121,-0.398609,2.671587,2.879773
0.762447,0.703601,0.646968,0.762517,3.670701,3.485721
0.230911,-1.682747,-0.993740,-0.111717,2.907834,2.718467
0.687378,-0.884287,-0.773463,0.633841,4.041991,2.039543
0.502325,0.657923,0.611475,0.791264,2.960265,2.894284
0.712019,-0.791936,-0.711715,0.702468,4.372116,2.262330
0.137513,-1.927305,-0.937121,-0.349005,2.184828,2.334142
0.032230,1.662147,0.995830,-0.091223,2.296662,2.284179
0.413044,1.522835,0.998850,0.047943,2.570511,3.140043
0.988243,1.619658,0.998807,-0.048842,3.527493,4.976597
0.985628,2.306740,0.741198,-0.671287,2.812757,4.876672
0.489943,-1.100213,-0.891304,0.453406,3.343822,1.983072
0.404867,-2.878790,-0.259788,-0.965666,2.513304,3.362689
0.735332,-0.751631,-0.682831,0.730576,4.191207,2.010901
0.742468,0.589399,0.555862,0.831275,4.024993,3.630129
0.525231,2.361114,0.703620,-0.710577,2.427130,3.378289
0.451610,2.054665,0.885202,-0.465207,2.142038,2.854642
0.042416,3.115432,0.026158,-0.999658,1.919642,1.991934
0.735170,0.362546,0.354656,0.934997,3.901078,3.054723
0.516127,0.820889,0.731752,0.681571,3.274148,3.413283
0.398040,-1.228023,-0.941826,0.336101,3.252564,2.225201
0.827621,-0.242863,-0.240483,0.970653,4.275413,2.146376
0.054547,0.106623,0.106422,0.994321,2.383829,2.352131
0.142240,2.072782,0.876629,-0.481167,1.868819,1.891850
0.113172,1.751319,0.983750,-0.179544,2.299293,2.374191
0.937842,1.232221,0.943229,0.332143,3.592240,4.395836
0.450886,-2.017665,-0.901805,-0.432144,3.132107,3.244828
0.590315,1.336021,0.972567,0.232624,2.944145,3.617909
0.250082,1.204596,0.933695,0.358070,2.689015,3.061897
0.907162,1.862878,0.957647,-0.287946,2.783852,4.355613
0.114165,-0.317939,-0.312610,0.949882,2.332912,1.847357
0.362943,0.149649,0.149091,0.988824,2.796765,2.222055
0.511666,2.825887,0.310487,-0.950578,2.620861,3.658069
0.378679,-0.750168,-0.681762,0.731574,3.287324,1.994990
0.565492,1.002359,0.842743,0.538316,2.615428,2.960913
0.150090,2.317355,0.734030,-0.679117,2.321734,2.341078
0.419582,-1.196832,-0.930886,0.365309,3.567436,2.460696
0.768630,-0.337669,-0.331289,0.943529,4.311255,2.212980
0.131571,-1.867038,-0.956440,-0.291927,2.303069,2.403001
0.622560,-1.551249,-0.999809,0.019546,3.238835,2.328184
0.543501,-3.105461,-0.036124,-0.999347,2.600683,3.739074
0.882703,-1.646959,-0.997101,-0.076089,3.987904,2.949855
0.410151,-2.642677,-0.478474,-0.878102,2.450546,3.226229
0.600102,-1.604014,-0.999448,-0.033212,3.269877,2.495288
0.557549,2.043622,0.890285,-0.455404,2.376048,3.320379
0.048919,-2.210072,-0.802528,-0.596614,2.149644,2.491131
0.853829,1.049270,0.867060,0.498204,3.475469,3.920999
0.838014,-1.266429,-0.954037,0.299690,4.448305,2.601466
0.416957,-2.021625,-0.900086,-0.435712,2.869687,3.000309
0.672090,0.697998,0.642685,0.766131,3.413019,3.281096
0.787308,-2.026835,-0.897804,-0.440395,3.345032,3.360341
0.455338,0.496160,0.476052,0.879417,3.249940,3.005557
0.299294,-0.825803,-0.735092,0.677967,2.952077,1.869092
0.378939,-2.716430,-0.412469,-0.910972,2.271743,3.040871
0.292833,-2.296217,-0.748221,-0.663450,2.678929,3.127657
0.694619,-1.417370,-0.988253,0.152825,3.655147,2.365456
0.695829,0.704054,0.647313,0.762224,3.515980,3.378153
0.109302,1.443427,0.991899,0.127025,1.802694,2.013518
0.483663,1.185350,0.926631,0.375973,2.374437,2.863883
0.933892,3.055378,0.086108,-0.996286,2.634456,4.640874
0.316489,0.159538,0.158862,0.987301,3.226665,2.750660
0.995024,-0.918267,-0.794550,0.607198,5.214330,2.501007
0.519706,0.828486,0.736909,0.675992,3.306827,3.453928
0.492504,-2.011202,-0.904579,-0.426307,2.798404,2.885542
0.979258,-3.131659,-0.009933,-0.999951,2.583083,4.632758
0.023987,0.788293,0.709151,0.705057,2.448621,2.786914
0.799564,3.135228,0.006365,-0.999980,2.931325,4.613046
0.414041,-1.044314,-0.864580,0.502495,3.015740,1.773554
0.011297,-1.877497,-0.953335,-0.301915,2.012872,2.206434
0.281627,1.823352,0.968277,-0.249879,2.239427,2.599612
0.323924,-3.103069,-0.038514,-0.999258,2.569111,3.258321
0.685836,-0.996755,-0.839713,0.543030,4.047859,2.140296
0.029117,-2.038083,-0.892794,-0.450465,1.868588,2.141259
0.330515,-1.018273,-0.851203,0.524837,2.838607,1.767739
0.797254,0.915160,0.792660,0.609664,3.149989,3.352281
0.481496,0.799224,0.716815,0.697263,3.256456,3.384492
0.335110,1.784356,0.977283,-0.211940,2.219120,2.681777
0.413953,1.524204,0.998915,0.046575,2.645478,3.216463
0.724964,-1.159230,-0.916495,0.400045,3.985899,2.190016
0.535885,-1.833041,-0.965810,-0.259249,3.105768,2.848197
0.888029,-0.919886,-0.795533,0.605911,4.367550,1.911156
0.969613,-1.379410,-0.981742,0.190220,5.247507,3.396788
0.626511,2.151399,0.836132,-0.548528,2.586058,3.720077
0.570982,-0.693876,-0.639521,0.768773,3.468686,1.691510
0.751540,1.289725,0.960759,0.277385,2.892187,3.651828
0.314499,-2.942867,-0.197421,-0.980319,2.159086,2.855087
0.237642,-0.302181,-0.297604,0.954690,2.930430,2.156097
0.950727,-1.783546,-0.977454,-0.211148,4.170414,3.435440
0.784944,1.745409,0.984794,-0.173726,2.886344,4.135163
0.913354,-0.353278,-0.345975,0.938244,5.057511,2.588296
0.500054,-1.946457,-0.930265,-0.366888,3.145705,3.118634
0.923637,1.460470,0.993920,0.110102,2.821516,3.969790
0.143295,2.336082,0.721185,-0.692743,2.120503,2.123925
0.822139,2.752185,0.379640,-0.925134,2.471846,4.260193
0.724571,-0.255296,-0.252532,0.967589,4.131828,2.232337
0.713677,0.140397,0.139936,0.990161,4.508235,3.261068
0.687052,0.592426,0.558376,0.829588,3.644852,3.309255
0.087076,-0.208125,-0.206626,0.978420,2.598450,2.252831
0.658984,-1.178218,-0.923926,0.382572,4.016926,2.387676
0.577560,-1.180341,-0.924736,0.380610,3.859323,2.403590
0.192546,-1.403352,-0.986014,0.166663,2.487708,2.039493
0.319150,-0.369981,-0.361598,0.932334,3.139985,2.117565
0.273637,-3.045732,-0.095714,-0.995409,2.391661,2.993685
0.622945,0.088346,0.088231,0.996100,3.855775,2.691161
0.318485,-2.252165,-0.776711,-0.629857,2.807698,3.225090
0.704354,-1.361769,-0.978233,0.207508,3.971026,2.557367
0.613263,-1.013233,-0.848547,0.529120,3.958887,2.234636
0.443648,-2.324314,-0.729287,-0.684208,2.474388,3.008161
0.105927,-2.803558,-0.331634,-0.943408,2.262640,2.642323
0.426466,-2.017009,-0.902088,-0.431552,2.690677,2.811081
0.836174,1.252650,0.949817,0.312806,3.122140,3.892737
0.616315,-1.178470,-0.924022,0.382339,3.961032,2.421598
0.670870,0.210392,0.208843,0.977949,3.562410,2.523764
0.973682,1.606880,0.999349,-0.036076,2.976863,4.387659
0.812851,2.636984,0.483465,-0.875364,2.524161,4.272330
0.468276,-0.279073,-0.275465,0.961311,3.350184,2.038894
0.465397,-1.685815,-0.993393,-0.114765,2.879079,2.423798
0.223794,2.268835,0.766104,-0.642716,1.876368,2.073783
0.392077,1.254216,0.950305,0.311319,2.342458,2.814854
0.665181,1.814450,0.970463,-0.241250,2.814289,3.891146
0.030264,-0.154979,-0.154359,0.988015,2.032211,1.856122
0.351441,-0.243526,-0.241126,0.970494,3.303801,2.305105
0.604440,-2.341153,-0.717663,-0.696391,3.334857,3.961347
0.102932,1.995244,0.911266,-0.411817,2.223969,2.181611
0.649451,1.837398,0.964672,-0.263454,2.439825,3.498345
0.532746,-0.623188,-0.583627,0.812022,3.453903,1.778404
0.547949,2.977550,0.163308,-0.986575,2.579991,3.727733
0.383816,-1.000822,-0.841915,0.539610,3.325105,2.119760
0.784314,-0.406185,-0.395107,0.918635,4.187536,1.986575
0.787327,0.279771,0.276135,0.961119,4.147083,3.048133
0.077894,2.707194,0.420865,-0.907123,2.447570,2.374608
0.574188,-0.084004,-0.083905,0.996474,3.543354,2.215835
0.555088,2.023331,0.899342,-0.437246,2.338972,3.272298
0.176174,2.864400,0.273656,-0.961828,2.287917,2.527009
0.814067,1.704901,0.991021,-0.133703,2.888281,4.153560
0.378911,-0.035845,-0.035837,0.999358,3.121259,2.281977
0.817034,2.433236,0.650587,-0.759432,2.428922,4.130251
0.903256,0.855348,0.754799,0.655956,3.943876,4.000702
0.149216,0.196386,0.195126,0.980778,2.494550,2.361944
0.389983,0.489658,0.470324,0.882494,3.121798,2.946393
0.316598,0.441560,0.427350,0.904086,3.159223,3.018006
0.913204,-1.228048,-0.941834,0.336077,4.832659,2.762462
0.982580,-0.978514,-0.829669,0.558256,4.887938,2.270502
0.089287,-3.090578,-0.050993,-0.998699,2.378748,2.595282
0.127556,-1.293176,-0.961710,0.274068,2.427588,1.997933
0.369223,0.307154,0.302347,0.953198,3.346852,2.965797
0.820753,-0.884392,-0.773530,0.633760,4.634167,2.309839
0.861248,2.297633,0.747280,-0.664509,2.586014,4.341288
0.394268,-1.142740,-0.909774,0.415103,3.538370,2.428151
0.382790,-0.744149,-0.677346,0.735665,2.949904,1.646731
0.474871,-1.958929,-0.925618,-0.378460,2.963430,2.970690
0.384595,2.667099,0.456888,-0.889524,2.355941,3.035880
0.997456,1.068557,0.876507,0.481390,3.635072,4.146071
0.134277,-2.690799,-0.435680,-0.900102,2.583103,3.029522
0.486701,-0.397505,-0.387119,0.922030,3.587885,2.131873
0.990218,-2.609637,-0.507220,-0.861817,3.151983,4.546923
0.456029,1.815391,0.970236,-0.242163,2.302655,2.989533
0.604430,-0.466814,-0.450044,0.893006,4.021912,2.226265
0.552050,-0.313872,-0.308743,0.951145,3.963366,2.416518
0.355307,-1.974233,-0.919717,-0.392582,2.585673,2.673846
0.846804,-1.654049,-0.996537,-0.083156,3.930206,2.954670
0.501729,-0.560223,-0.531375,0.847137,3.418505,1.837584
0.978233,0.428196,0.415231,0.909716,4.404546,3.368814
0.704883,-2.430560,-0.652617,-0.757688,2.775314,3.598995
0.142087,1.453258,0.993100,0.117268,2.304608,2.548689
0.983579,3.038978,0.102435,-0.994740,2.765780,4.890157
0.078235,2.449911,0.637833,-0.770175,1.907710,1.760235
0.088446,-0.173092,-0.172229,0.985057,2.329060,2.006013
0.078082,0.839984,0.744633,0.667474,1.717714,2.037582
0.798098,-1.178099,-0.923880,0.382682,4.515683,2.594533
0.778527,-0.195603,-0.194358,0.980931,4.432932,2.483907
0.512663,-0.193319,-0.192117,0.981372,3.572085,2.245683
0.960581,1.873792,0.954447,-0.298381,2.619881,4.305982
0.289208,-2.919631,-0.220143,-0.975468,2.663609,3.317233
0.726972,0.400278,0.389675,0.920953,3.714105,2.955948
0.061418,-0.168637,-0.167839,0.985814,2.311555,2.054155
0.990365,1.940849,0.932308,-0.361665,2.870444,4.679250
0.624317,-1.339477,-0.973365,0.229262,3.984729,2.677178
0.851445,-1.395817,-0.984730,0.174088,4.456087,2.850990
0.132539,-1.376194,-0.981125,0.193376,2.472151,2.103468
0.111549,-2.044461,-0.889902,-0.456151,2.283601,2.535631
0.591770,-2.191980,-0.813190,-0.581998,2.750632,3.131473
0.261253,1.261506,0.952550,0.304383,2.591956,2.976319
0.484919,1.881010,0.952268,-0.305262,2.594465,3.348320
0.084401,-2.230089,-0.790425,-0.612558,2.093409,2.447510
0.933942,-2.173038,-0.824068,-0.566491,3.050495,3.410837
0.770368,-1.646525,-0.997134,-0.075656,3.941645,3.041423
0.440185,0.864407,0.760711,0.649091,3.019184,3.233606
0.345076,0.893853,0.779491,0.626413,3.074208,3.338647
0.755484,-2.412779,-0.665985,-0.745965,3.287388,4.114237
0.301367,1.546609,0.999708,0.024184,2.608215,3.031625
0.752428,0.204334,0.202915,0.979196,3.844366,2.649976
0.474590,-2.229589,-0.790732,-0.612163,3.113284,3.536846
0.870278,-3.067055,-0.074469,-0.997223,2.962764,4.746525
0.678493,2.901341,0.237947,-0.971278,2.381195,3.829352
0.682876,-2.883871,-0.254878,-0.966973,2.983563,4.299094
0.956184,-0.428602,-0.415600,0.909548,4.816812,2.169502
0.918042,2.251615,0.777058,-0.629429,2.516237,4.386054
0.098277,0.969767,0.824754,0.565491,2.416112,2.739355
0.391154,1.716258,0.989439,-0.144950,2.452118,3.012621
0.588724,-1.916838,-0.940722,-0.339177,2.966374,2.833699
0.337407,1.195554,0.930419,0.366498,2.713298,3.131813
0.672802,2.084067,0.871143,-0.491029,2.759515,3.974402
0.011961,-2.527733,-0.576027,-0.817431,2.296768,2.637259
0.219416,-1.361585,-0.978195,0.207689,2.820701,2.282307
0.193080,-2.992678,-0.148365,-0.988933,2.672929,3.136510
0.656606,2.107752,0.859270,-0.511522,2.772291,3.959822
0.950489,0.867600,0.762779,0.646659,3.873575,3.943126
0.856441,-2.325361,-0.728570,-0.684972,3.317075,4.024782
0.656395,2.512628,0.588308,-0.808637,1.918752,3.241019
0.896002,1.229328,0.942264,0.334871,3.170680,3.943439
0.253336,-0.207624,-0.206136,0.978523,3.116096,2.381211
0.922695,-1.405024,-0.986291,0.165015,4.394647,2.686913
0.426983,2.534584,0.570413,-0.821358,2.331617,3.081120
0.161966,-2.676655,-0.448367,-0.893850,2.098080,2.580977
0.777106,-0.736396,-0.671622,0.740894,4.393139,2.105047
0.955606,-1.478654,-0.995758,0.092012,4.594886,3.013932
0.440575,-0.052014,-0.051990,0.998648,3.608781,2.616413
0.178442,-0.049905,-0.049885,0.998755,2.480571,2.058970
0.143873,1.688338,0.993100,-0.117271,2.293550,2.447490
0.912609,1.353400,0.976462,0.215688,3.575576,4.557222
0.103287,-2.683426,-0.442305,-0.896865,2.071714,2.479970
0.445882,2.491361,0.605371,-0.795943,2.249572,3.035460
0.148854,0.881753,0.771854,0.635799,2.662666,2.968292
0.266436,1.256984,0.951164,0.308687,2.348187,2.735794
0.904618,0.468979,0.451975,0.892030,3.748485,2.908532
0.490679,-0.401762,-0.391040,0.920374,3.519131,2.050196
0.844049,1.765179,0.981167,-0.193161,2.883901,4.253028
0.003307,2.853542,0.284084,-0.958800,1.846489,1.663799
0.817977,-0.112680,-0.112442,0.993658,4.001392,2.087559
0.358918,1.142508,0.909678,0.415315,2.454716,2.863244
0.400615,0.831093,0.738668,0.674069,2.965986,3.161727
0.534626,2.896080,0.243053,-0.970013,2.376688,3.482620
0.080457,-0.253593,-0.250884,0.968017,2.368118,2.006301
0.176618,-2.894468,-0.244617,-0.969620,1.957759,2.422935
0.384164,-1.941484,-0.932078,-0.362257,2.727651,2.754957
0.630617,-0.884288,-0.773464,0.633840,3.543078,1.677646
0.084862,0.834352,0.740862,0.671658,2.253730,2.570377
0.193093,1.380661,0.981979,0.188992,2.228679,2.547412
0.592945,-0.067654,-0.067602,0.997712,4.028542,2.682874
0.307731,0.213252,0.211639,0.977348,3.009714,2.614088
0.834250,-0.318512,-0.313154,0.949703,4.632396,2.394658
0.056054,1.808166,0.971960,-0.235147,2.144607,2.088576
0.042815,-2.399001,-0.676199,-0.736719,2.271474,2.645900
0.458370,1.118896,0.899619,0.436676,2.531944,2.963901
0.874255,-2.205689,-0.805135,-0.593091,3.158635,3.596325
0.036878,-2.251953,-0.776845,-0.629692,1.931772,2.282851
0.653832,-0.180832,-0.179848,0.983694,4.057809,2.418683
0.701297,-2.321400,-0.731277,-0.682080,3.152323,3.788012
0.172249,-2.827697,-0.308766,-0.951138,2.135110,2.610276
0.456185,-2.069120,-0.878385,-0.477953,3.299044,3.489809
0.591042,1.996797,0.910626,-0.413233,2.694419,3.697414
0.799175,-1.755695,-0.982955,-0.183847,4.046715,3.381983
0.804454,-0.463627,-0.447195,0.894436,4.739835,2.445179
0.678398,-1.104364,-0.893179,0.449702,3.479602,1.709472
0.975853,0.477315,0.459396,0.888232,4.663904,3.756917
0.793102,1.660193,0.996007,-0.089277,3.164213,4.356569
0.593085,-1.033561,-0.859127,0.511763,3.897374,2.238865
0.415154,1.233363,0.943607,0.331066,2.776340,3.254826
0.553408,-0.385403,-0.375933,0.926647,3.806604,2.194584
0.099968,2.182569,0.818631,-0.574320,2.130120,2.036150
0.612442,1.744600,0.984934,-0.172929,2.879772,3.827455
0.006350,-2.014308,-0.903250,-0.429114,2.136055,2.405066
0.089141,0.953510,0.815452,0.578825,2.424448,2.748263
0.807412,1.712562,0.989968,-0.141291,2.691558,3.952251
0.692358,-1.846250,-0.962302,-0.271983,3.417174,3.063075
0.412031,2.752598,0.379258,-0.925291,2.114632,2.888380
0.610538,-2.905212,-0.234186,-0.972192,2.750548,3.956224
0.950298,0.799169,0.716777,0.697303,4.205681,4.117605
0.782583,-0.955964,-0.816870,0.576821,4.544876,2.372106
0.117508,0.189746,0.188610,0.982052,2.415713,2.334061
0.095684,-0.867700,-0.762844,0.646583,2.401779,1.824399
0.219276,1.698542,0.991852,-0.127398,2.041194,2.315891
0.659327,-1.404753,-0.986246,0.165281,3.953218,2.699904
0.685244,2.944136,0.196176,-0.980569,2.851156,4.315751
0.474413,-2.033717,-0.894752,-0.446564,2.974924,3.105241
0.644861,-1.350479,-0.975828,0.218539,3.762309,2.436100
0.434672,-1.041158,-0.862990,0.505222,3.474065,2.182528
0.043317,1.510584,0.998188,0.060176,1.815356,1.912463
0.924861,-2.036458,-0.893525,-0.449014,3.914447,3.910430
0.116065,2.482356,0.612514,-0.790460,1.921061,1.874335
0.721403,0.582493,0.550108,0.835094,3.652995,3.265036
0.676853,-1.095254,-0.889044,0.457821,4.155261,2.377150
0.778975,-1.092443,-0.887754,0.460318,4.604191,2.596973
0.869886,-0.782053,-0.704737,0.709468,4.898003,2.393724
0.220663,-0.182274,-0.181266,0.983434,2.302462,1.665964
0.144941,2.688494,0.437754,-0.899095,2.215603,2.302587
0.454991,-0.707925,-0.650258,0.759713,3.685590,2.199686
0.632021,2.988006,0.152984,-0.988229,2.735770,4.076928
0.202211,-2.342298,-0.716865,-0.697212,2.381147,2.824137
0.136501,2.209491,0.802875,-0.596148,2.107868,2.097144
0.458579,-2.065903,-0.879918,-0.475126,2.713251,2.898537
0.603636,1.819277,0.969287,-0.245932,2.955373,3.919395
0.637999,0.700752,0.644792,0.764358,3.708865,3.605704
0.855004,-2.598258,-0.516993,-0.855990,3.624756,4.852627
0.856974,-0.067774,-0.067722,0.997704,4.819015,2.894954
0.836989,-1.387510,-0.983250,0.182262,4.293333,2.695373
0.730018,1.483956,0.996232,0.086732,2.938857,3.884551
0.579467,2.461894,0.628559,-0.777762,2.572838,3.686994
0.591772,-2.205588,-0.805195,-0.593010,3.081714,3.485814
0.980184,-2.889897,-0.249047,-0.968491,2.979970,4.800583
0.470653,1.687704,0.993174,-0.116641,2.791510,3.480120
0.479269,1.872499,0.954832,-0.297147,2.523046,3.264177
0.821291,-0.298820,-0.294392,0.955685,4.546647,2.362929
0.012423,1.456356,0.993459,0.114191,2.382642,2.476352
0.949934,-2.307739,-0.740527,-0.672027,3.498432,4.202557
0.090730,-0.127027,-0.126686,0.991943,2.652171,2.359117
0.304837,1.277400,0.957267,0.289205,2.740263,3.157453
0.024413,-0.283744,-0.279952,0.960014,1.900865,1.653948
0.771835,2.351162,0.710656,-0.703539,2.189326,3.747592
0.370420,-0.224336,-0.222459,0.974942,3.392913,2.367338
0.633402,2.264351,0.768978,-0.639275,2.843598,4.031716
0.332906,-2.936043,-0.204105,-0.978949,2.578930,3.308055
0.425902,-1.446456,-0.992280,0.124020,3.444301,2.655574
0.794479,1.807621,0.972088,-0.234617,2.666758,3.979771
0.080959,2.392934,0.680657,-0.732602,2.134528,1.987173
0.945322,1.097377,0.890014,0.455932,3.547692,4.104527
0.887978,-2.444369,-0.642092,-0.766628,3.144515,4.120431
0.365571,-2.040355,-0.891768,-0.452493,3.012419,3.185854
0.558790,-2.720582,-0.408683,-0.912676,2.666326,3.678696
0.981252,-1.642219,-0.997450,-0.071362,4.291269,3.117896
0.113558,-0.135130,-0.134719,0.990884,2.684263,2.333105
0.959104,-1.823418,-0.968260,-0.249943,4.073568,3.446264
0.745017,-1.725129,-0.988114,-0.153721,3.699208,3.015408
0.680227,-1.400237,-0.985490,0.169733,4.013209,2.715160
0.063369,-0.972470,-0.826280,0.563260,2.029136,1.555088
0.122709,1.318371,0.968310,0.249753,2.285946,2.557223
0.678308,0.206437,0.204974,0.978767,3.810048,2.750931
0.799904,2.798313,0.336577,-0.941656,2.802732,4.539587
0.808796,2.770105,0.363002,-0.931788,2.924408,4.681288
0.457874,-2.637867,-0.482692,-0.875790,2.812462,3.641065
0.897946,-1.329694,-0.971075,0.238774,4.604254,2.770932
0.275943,1.238303,0.945232,0.326400,2.467686,2.859672
0.496329,2.356151,0.707137,-0.707076,2.061858,2.940199
0.293169,2.950424,0.190006,-0.981783,2.233591,2.785436
0.541435,-2.312040,-0.737629,-0.675206,2.813348,3.370573
0.644684,-1.309939,-0.966169,0.257909,4.025566,2.629946
0.062950,2.336049,0.721208,-0.692719,2.189078,1.994495
0.644672,-0.554857,-0.526822,0.849976,4.547869,2.608234
0.342792,0.917667,0.794186,0.607675,2.598087,2.879606
0.696864,2.148271,0.837844,-0.545909,2.761314,4.057443
0.445256,-1.230987,-0.942818,0.333307,3.579269,2.459926
0.171737,-1.507918,-0.998024,0.062837,2.805131,2.498613
0.484243,2.957646,0.182911,-0.983130,2.393640,3.391520
0.353121,-0.276922,-0.273396,0.961902,3.077307,2.044761
0.166363,2.664898,0.458845,-0.888516,2.141595,2.273494
0.973206,2.132084,0.846571,-0.532277,2.515302,4.441149
0.692859,1.045245,0.865048,0.501690,3.346159,3.759087
0.041151,-1.152174,-0.913650,0.406502,2.343095,1.995348
0.126474,-1.505406,-0.997863,0.065344,2.526369,2.286687
0.034689,-1.150176,-0.912836,0.408327,2.445216,2.110224
0.343847,-0.798499,-0.716310,0.697783,3.004870,1.806315
0.301560,2.641665,0.479362,-0.877617,2.217643,2.681307
0.404562,-0.003664,-0.003664,0.999993,3.375830,2.521615
0.320218,-3.114611,-0.026979,-0.999636,2.514329,3.193325
0.738495,2.988289,0.152703,-0.988272,2.386611,3.971503
0.473911,-1.320555,-0.968853,0.247638,3.660420,2.603211
0.944010,3.020263,0.121032,-0.992649,2.582142,4.625847
0.565232,2.556507,0.552270,-0.833665,2.322935,3.427223
0.442106,1.188446,0.927790,0.373103,2.707866,3.178036
0.139423,0.320191,0.314748,0.949175,2.004399,1.997053
0.308082,-0.618077,-0.579469,0.814994,3.151098,2.043301
0.092481,-2.795806,-0.338937,-0.940809,2.000408,2.362452
0.641313,0.524215,0.500534,0.865717,3.666214,3.253026
0.277927,-2.999915,-0.141204,-0.989981,2.809353,3.430063
0.538412,-0.342697,-0.336028,0.941852,3.658837,2.119084
0.511788,-1.919827,-0.939705,-0.341987,3.069389,2.988597
0.317758,0.660223,0.613293,0.789855,3.213669,3.298525
0.361065,-2.212021,-0.801364,-0.598177,2.547744,2.931772
0.853804,-0.819139,-0.730558,0.682850,4.523080,2.076279
0.351355,3.000369,0.140754,-0.990045,2.438191,3.140381
0.874302,-2.591194,-0.523027,-0.852316,3.136115,4.372849
0.992597,1.908112,0.943646,-0.330956,2.611040,4.393613
0.288634,1.920599,0.939440,-0.342712,2.528145,2.890120
0.896429,-2.264663,-0.768779,-0.639515,3.508386,4.091606
0.587180,-2.600749,-0.514860,-0.857275,2.873103,3.815911
0.867526,3.057639,0.083855,-0.996478,2.889480,4.748221
0.066116,2.890864,0.248110,-0.968732,2.140440,2.129661
0.409461,2.603818,0.512226,-0.858851,2.210182,2.934362
0.414514,0.350689,0.343545,0.939136,3.047373,2.655085
0.136927,-1.972880,-0.920248,-0.391337,2.030161,2.218367
0.381770,0.338456,0.332031,0.943268,3.436619,3.077084
0.834585,-1.232042,-0.943169,0.332312,4.505779,2.601943
0.559281,-0.229639,-0.227626,0.973749,3.754176,2.277133
0.262677,2.865300,0.272791,-0.962073,2.246642,2.693950
0.834243,-0.172529,-0.171674,0.985154,4.271007,2.226212
0.417157,-0.050979,-0.050957,0.998701,2.917251,1.976977
0.687843,-1.603781,-0.999456,-0.032979,3.884957,2.993210
0.994333,-2.722348,-0.407070,-0.913397,3.285120,4.885986
0.745566,0.509351,0.487611,0.873061,3.446232,2.886255
0.627996,-0.150541,-0.149973,0.988690,3.747511,2.207986
0.694245,-2.390226,-0.682638,-0.730757,2.840015,3.591100
0.845280,-2.118393,-0.853778,-0.520637,3.600722,3.825701
0.058510,-1.132977,-0.905678,0.423965,2.347318,1.952253
0.163309,-1.428354,-0.989872,0.141961,2.444848,2.071480
